rating,date,content
5,2025-12-31,웅장하고 화려하며 스릴 넘치는 놀이기구가 많아요. 정말 인상적입니다! 🤩
5,2025-12-21,"특히 실내 공간은 굉장히 혼잡할 수 있습니다. 놀이기구는 많지만 대기 시간이 꽤 길 수 있습니다. 패스트 트랙 티켓을 구매하시면 더 빨리 놀이기구를 즐기실 수 있습니다. 사람이 많긴 했지만, 저희 모두 즐거운 시간을 보냈고 정말 만족스러운 경험이었습니다."
4,2025-10-26,"실내외 한국 테마파크였습니다. 전반적으로 좋은 경험이었습니다. 어린아이를 둔 가족에게 좋았습니다. 규모는 크지 않았지만, 누구나 즐길 거리가 많았습니다."
5,2025-03-31,"귀여운 테마파크 - 글을 쓰는 시점에, 이벤트로 포켓몬을 테마로 했고, 귀여운 사진 촬영이 많았어요. 교복을 빌리는 건 재밌었어요! 5시간 동안 3개의 놀이기구를 탈 수 있었고, 줄이 꽤 길었어요. 모든 것을 타고 싶다면 매직 패스를 사는 걸 추천해요. 하지만 매직 패스 없이도 바이브는 여전히 엄청 귀여웠어요"
5,2024-08-12,"부산에서 당일치기 여행을 하는 사이에 시간이 있다면, 롯데월드 어드벤처 부산은 특히 아드레날린 중독자들에게 시간을 보내기에 좋은 방법입니다! 테마파크는 결코 실망시키지 않습니다. 특히 한국의 테마파크는요! 롯데월드 어드벤처 부산은 면적이 서울보다 넓지만 놀이기구는 적습니다(17). 그래서 비행기나 기차 사이에 무언가 만족스러운 것을 필요로 하는 사람들에게 매우 적합합니다."
5,2024-08-11,서울에서 제가 가진 최고의 경험 중 하나였습니다. 할 것도 먹을 것도 정말 많아요! 티켓도 비싸지 않으니 서울에 있는 동안 꼭 방문해보세요!
5,2024-07-29,"서울에서 꼭 가봐야 할 명소 - 롯데월드 😍 놀이공원 좋아하세요? 정말 재밌어요! 그래서 저는 롯데월드 공원을 탐험하기로 했고 여러분과 정보를 공유하고 싶어요. 매우 인기 있는 곳이기 때문에 공원이 문을 여는 오전 10시에 오는 것을 권합니다. 11-12시까지는 사람이 많지 않고 사람이 많지 않은 놀이기구를 즐길 수 있어요 💗 공원은 실내와 실외로 나뉘는데, 가장 스릴 넘치는 놀이기구는 실외에 있어요 😍 그리고 귀여운 사진을 찍을 수 있는 아름다운 성도 있어요. 놀이공원 안에는 다양한 길거리 음식과 음료가 있으니 주저하지 말고 맛보세요! 이름: 롯데월드/ 롯데월드 주소: 서울 송파구 잠실동 40-1 / 서울 송파구 올림픽로 240 잠실 지하철역 4번 또는 3번 출구."
5,2024-02-20,서울 최대의 테마파크 목적지 중 하나로 실내 롯데월드 어드벤처와 야외 매직 아일랜드가 통합되어 있습니다. 스릴 넘치는 놀이기구와 엔터테인먼트로 가득합니다.
5,2025-01-17,"로또 월드 어드벤처는 멋진 명소와 모험으로 가득한 훌륭한 공원입니다. 물론, 내년에도 다시 올 것입니다."
5,2024-09-28,저는 조카들과 함께 이곳에 왔습니다. 그들은 이곳을 정말 좋아했습니다. 이곳은 60%~70%의 사람들이 유니폼을 입고 있는 곳입니다. 여기서 독특한 경험을 할 수 있을 겁니다. 하하. 하지만 놀이기구를 타려면 너무 많은 시간이 걸릴 겁니다. 우리는 놀이기구가 없거든요. 우리는 그저 말 그대로 분위기를 경험하고 싶을 뿐입니다.
5,2024-07-29,"놀 거리가 많아서, 괜찮다면 긴 시간 줄을 서야 할 수도 있습니다. 봄에 갔는데, 롯데월드를 따라가는 길에 많은 벚꽃나무가 있었습니다. 벚꽃이 정말 아름다웠습니다. 아름다운 풍경을 바라보며 산책을 즐겼습니다."
5,2024-08-26,정말 놀라운 경험이었습니다. 할 일이 정말 많아요. 여기 티켓은 DSP(Discover Seoul pass) 카드에 포함되어 있어서 💰을 지불할 필요가 없지만 청구하려면 다른 게이트를 사용해야 합니다. DSP 소지자는 Wild Gate에서 청구할 수 있습니다. 주소: 서울특별시 송파구 올림픽로 240 추천 이유: 모두에게 좋음
5,2024-07-31,Lotte World Adventure에서 환상적인 하루를 보냈습니다! 🎢🏰 실내 및 실외 테마파크에는 재미있는 놀이기구와 명소가 가득합니다. 퍼레이드와 쇼가 마법 같은 느낌을 더합니다. 서울에서 가족과 함께 하루를 보내기에 완벽합니다! 🌟🎠
5,2024-03-07,"밤이 끝날 무렵 퍼레이드를 구경하세요! 놀이기구는 재미있고 대기 시간도 그렇게 길지 않습니다. 안팎으로 놀이기구가 있고, 먹을 곳도 있습니다."
5,2024-11-23,"가족이나 친구와 함께 하루를 보내기에 좋은 곳으로, 모든 연령대를 위한 실내 및 실외 어트랙션이 있으며 매 시간마다 쇼가 펼쳐집니다. 패스트 패스가 없다면 놀이기구를 타려면 약 30분 줄을 설 준비를 하세요."
5,2024-08-06,"롯데월드 어드벤처는 정말 넓은 시설이에요. 할 게 너무 많아서 지루할 틈이 없어요. 마치 거대한 실내 테마파크와 쇼핑몰이 하나로 합쳐진 것 같아요. 꼭 가봐야 할 곳이지만, 최대한 재밌게 즐기려면 하루 종일 시간을 내야 할 것 같아요. 다양한 모험을 서두르고 싶지는 않을 거예요. 강력 추천합니다."
4,2024-02-26,"lotte world 안에는 많은 게임이 있습니다. 2개 구역: 건물 내부와 건물 외부(롤러코스터, 우주선과 같은 익스트림 게임). 패키지에는 lottle aquarium도 있습니다. 제 아이들은 수족관을 너무 좋아했습니다."
5,2024-08-27,"여러분!!! 서울 가족 여행 중 롯데월드 방문은 정말 최고의 순간 중 하나였어요. 이 테마파크는 누구에게나 특별한 경험을 선사하기 때문에 모든 연령대의 아이를 둔 가족에게 완벽한 여행지예요. 도착하는 순간부터 파크의 엄청난 규모에 감탄했어요. 실내 ""어드벤처""와 야외 ""매직 아일랜드"" 두 구역으로 나뉘는데, 실내 구역은 비 오는 날에도 신나는 놀이기구, 매력적인 쇼, 그리고 축제 분위기로 가득해요."
5,2024-08-16,"롯데월드 어드벤처는 대한민국 서울에 위치한 대형 테마파크입니다. 실내 테마파크, 쇼핑몰, 고급 호텔 등을 갖춘 더 큰 규모의 롯데월드 단지에 속해 있습니다."
5,2024-08-09,60~70%가 유니폼을 입은 사람들로 가득한 곳이에요. 여기서 특별한 경험을 하실 수 있을 거예요. 하하. 하지만 놀이기구를 타려면 너무 오래 걸릴 거예요. 저희는 놀이기구가 없거든요. 그냥 분위기만 느끼려고요.
5,2024-08-06,좋은 전망과 아름다운 곳이에요. 매번 여행을 가야 해요. 여기 갈 계획이 있어야 해요. 여기가 제일 재밌는 곳이고 정말 좋아요.
5,2024-08-03,가족과 함께 가기 정말 좋은 곳이에요. 실내외 액티비티와 놀이기구가 있어서 날씨에 상관없이 즐길 수 있어서 좋아요. 놀이기구는 미국 식스 플래그 테마파크에 비하면 아무것도 아니에요. 디즈니랜드 수준이에요.
5,2024-06-09,롯데월드 어드벤처는 규모가 정말 큽니다. 아이와 어른 모두 즐길 수 있는 훌륭한 테마파크입니다. 온종일 즐거운 시간을 보낼 수 있는 다양한 놀이기구가 준비되어 있습니다.
5,2024-03-27,"롯데 어드벤처는 한국 서울의 롯데월드 단지 내에 위치한 실내 테마파크입니다. 모든 연령대의 방문객을 대상으로 다양한 어트랙션과 놀이기구를 제공합니다. 스릴 넘치는 롤러코스터부터 가족 친화적인 어트랙션까지, 롯데 어드벤처는 모든 사람에게 즐거움이 가득한 경험을 제공합니다. 또한, 롯데월드 타워라고도 알려진 롯데 타워는 서울의 유명한 랜드마크이자 세계에서 가장 높은 건물 중 하나입니다. 높이가 550m가 넘으며, 사무실, 고급 호텔, 주거 시설, 도시의 숨 막힐 듯한 전망을 제공하는 전망대가 있습니다. 롯데 어드벤처와 롯데 타워는 엔터테인먼트, 레저, 멋진 스카이라인 전망을 결합하여 서울의 상징적인 목적지를 만들어냅니다."
4,2024-02-25,롯데월드에는 게임이 많이 있어요(건물 안과 건물 밖 게임. 평일에도 사람이 너무 많아요. 우리 아이들은 긴 줄이 없는 몇 가지 게임만 할 수 있어요.
5,2024-02-25,"아름다운 곳입니다. 테마파크는 잘 관리되고, 시설은 재밌습니다. 저희 가족은 그곳에서 즐거운 시간을 보내고 있습니다. 강력 추천합니다!"
5,2023-10-04,엊그제께 서울 잠실 롯데월드를 지인과 함께 다녀왔어요.긴연휴여서 그런지 사람들이 정말 많더라구요. 낮12시쯤에 도착해서 밤9시쯤에 떠났는데 놀이기구 5개밖에 못탔어요. 줄서는 시간이 넘길었네요.그래도 오래간만에 와서 그런지 재밌더라구요.특히 밤에 아틀란티스에서 야외야경이 멋져서 사진도 찍었네요.
5,2025-03-28,"매우 아름답고 규모가 큰 테마로, 모든 사람을 만족시킬 수 있는 다양한 놀이기구가 있습니다. 가족 친화적! 실내와 실외 공원이 모두 있습니다."
5,2025-02-19,"저는 가족과 즐거운 시간을 보냈습니다. 제 아빠는 지금 57세인데, 지난번에 우리가 거기에 갔을 때는, 어떤 게임은 정말 무서웠지만, 항상 저와 함께 있었습니다!"
5,2024-10-18,"실내 공원은 잘 조직되어 있으며, 다양한 놀이기구, 어트랙션, 쇼가 있어 다양한 스릴 레벨을 충족합니다. 특히 저녁 시간대의 야외 구역은 도시의 멋진 전망과 함께 아름다운 분위기를 제공합니다. 직원들의 전반적인 청결함과 친절함이 경험을 더욱 풍부하게 합니다. 식사 옵션은 다양하지만 비쌀 수 있습니다. 특히 주말에는 군중에 대비해야 하지만, 전반적인 흥분과 다양성이 기억에 남는 방문을 만들어줍니다."
4,2024-10-06,매우 예쁘고 적어도 한 번은 방문할 가치가 있습니다. 하지만 가장 좋은 방문 시간을 찾아야 합니다. 붐빌 때는 줄이 매우 길어서 시간이 많이 걸립니다. 커플에게는 좋은 위치입니다.
5,2024-09-29,정말 재밌었어요! 실내외 액티비티가 있어서 날씨에 상관없이 즐길 수 있어요. 놀이기구를 타려면 줄이 길어질 수 있어요!
5,2024-09-26,"롯데월드 어드벤처 롯데월드 어드벤처는 서울에 위치한 인기 실내 테마파크입니다. 스릴 넘치는 놀이기구, 테마존, 그리고 모든 연령대가 즐길 수 있는 엔터테인먼트 등 다양한 어트랙션을 갖추고 있습니다. 특히 아틀란티스 어드벤처 롤러코스터와 상징적인 열기구가 유명합니다. 또한, 퍼레이드, 라이브 쇼, 그리고 계절별 이벤트가 개최되어 지역 주민과 관광객 모두에게 활기 넘치는 명소로 자리매김하고 있습니다."
5,2024-08-05,"인도어 어드벤처는 끊임없이 변하는 서울의 날씨에서 벗어나는 환상적인 휴식처입니다. 이 구역은 다양한 놀이기구, 게임, 엔터테인먼트 옵션으로 가득 찬 넓은 실내 놀이공원입니다. 하이라이트는 스릴 넘치는 낙하와 회전을 제공하는 고속 롤러코스터인 ""아틀란티스 어드벤처""입니다. 좀 더 편안한 경험을 위해 ""곤돌라 라이드""는 공원의 활기찬 주변 환경을 아름답고 여유롭게 볼 수 있는 전망을 제공합니다. 어린 자녀를 둔 가족은 수많은 어린이 친화적인 어트랙션을 좋아할 것입니다."
5,2024-08-01,굉장한 재밌는 곳! 실내와 실외가 있는 거대한 공간으로 햇볕이 뜨거울 때나 비가 올 때 좋습니다. 식당에서 음식을 사서 먹고 싶지 않다면 피크닉 구역에서 먹을 음식을 가져올 수 있습니다.
5,2024-07-30,"gtahir 자카르타, 인도네시아 118203 2008년 12월 24일 리뷰 꽤 괜찮은 곳이지만 너무 붐볐다 롯데월드는 세계에서 가장 큰 실내 테마파크로 알려져 있고, 그럴 만한 이유가 있습니다. 실내 단지에는 롤러코스터, 워터라이드, 어린이 놀이기구, 다양한 레스토랑, 아케이드 게임, 모노레일, 상점, 거대한 아이스 스케이트장이 있습니다. 저는 겨울에 갔기 때문에 단지 내부가 따뜻하고 좋았습니다. 실내 단지는 매직 아일랜드라는 실외 단지와 연결되어 있으며, 드롭 존과 같은 익스트림 라이드와 모험심이 강한 사람들을 위한 다른 라이드가 있습니다. 모노레일은 두 단지를 연결할 수 있습니다. 전체적인 아이디어는 훌륭했고 누구나 롯데월드에 가는 것을 좋아할 것입니다. 하지만 저는 휴가철에 갔는데 사람이 너무 많았습니다! 인기 있는 워터로그 라이드를 타려면 한 시간 이상 걸렸고 줄을 서는 동안 많은 한국 청소년들이 줄을 서거나 건너뛰어서 경험이 불편했습니다. 이 단지는 디즈니랜드나 식스 플래그 같은 유명한 테마파크만큼 깨끗하지도 않았고, 일부 벽에는 그래피티가 많았습니다. 하지만 전반적으로, 특히 아이들을 데리고 간다면 방문할 만한 곳입니다."
5,2024-03-29,"Lotte World 실내 어드벤처에서 보낸 시간은 설렘으로 가득했습니다. 스릴 넘치는 놀이기구부터 몰입형 테마존까지, 모든 순간이 모험이었습니다. 활기찬 분위기, 화려한 조명, 매혹적인 공연은 기쁨과 웃음으로 가득 찬 잊을 수 없는 경험을 선사했습니다."
5,2024-02-28,"한국, 롯데월드의 판타지 드림은 방문객을 기발한 상상과 마법의 세계로 안내하는 매혹적인 경험입니다. 테마파크 내의 이 매혹적인 구역은 환상적인 명소, 다채로운 풍경, 매혹적인 공연을 특징으로 하는 꿈 같은 탈출구입니다. 매력적인 동화 속 캐릭터부터 기발하게 디자인된 놀이기구까지, 판타지 드림은 모든 연령대의 방문객을 사로잡는 마법 같은 분위기를 조성합니다. 이 매혹적인 구역의 디자인에 대한 세부 사항에 대한 관심은 전체적인 경이로움을 더해 탐험하고 즐기기에 즐거운 장소가 됩니다. 활기찬 거리를 산책하든 기발한 놀이기구를 타든, 롯데월드의 판타지 드림은 매력적이고 몰입감 있는 경험을 제공하여 손님이 잠시 기쁨과 매혹으로 가득 찬 동화 속 세계로 들어갈 수 있게 합니다."
5,2024-02-26,"📍 롯데월드-서울 송파구 올림픽로 240 롯데월드 또는 롯데월드 어드벤처(한국어: 롯데월드 어드벤처)는 대한민국 서울에 있는 주요 레크리에이션 단지입니다. 대규모 실내 테마파크[4], ""매직 아일랜드""라는 야외 놀이공원, 모노레일로 연결된 호수 위의 인공 섬, 쇼핑몰, 고급 호텔, 전망대, 한국 민속 박물관, 스포츠 시설, 영화관으로 구성되어 있습니다. 1989년 7월에 개장한 롯데월드는 매년 약 730만 명의 방문객을 맞이합니다."
5,2024-02-23,"정말 재밌는 실내 놀이공원이에요! 여러 층에 모든 사람을 위한 놀이기구가 있어요. 줄이 긴 편이지만, 놀이기구는 기다릴 만한 가치가 있어요. 음식도 다양해요. 놀이공원 주변의 귀여운 장식도 좋아요. 가족 친화적인 곳이죠. 모든 연령대의 사람들에게 롯데월드를 추천합니다!"
5,2024-02-21,"밤이 끝날 무렵 퍼레이드를 구경하세요! 놀이기구는 재밌고 대기 시간도 그렇게 길지 않습니다. 안팎으로 놀이기구가 있고, 식사할 곳도 있습니다. 채식주의자에게는 좋은 선택이 아닙니다. 모두가 떠나면서 약간 혼잡해집니다. 한국은 아름답습니다."
5,2024-02-20,장소는 크고 넓습니다. 즐길 수 있는 다양한 놀이기구가 있습니다. 아이들을 데려가는 경우 어떤 놀이기구가 아이들에게 적합한지 지도에서 확인하는 것이 좋습니다. 지도는 포괄적이고 자세합니다. 실내와 실외 명소가 있습니다. 여러 레스토랑이나 카페와 기념품 가게도 있습니다. 저는 공휴일에 갔기 때문에 거의 모든 놀이기구에 긴 줄이 서 있었습니다.
5,2024-02-18,오늘의 장난을 계속합니다... 서울에 있을 때 아이들과 함께 가보실 것을 강력히 추천하는 놀라운 실내 및 실외 놀이공원인 롯데월드로 향했습니다. 줄은 엄청나지만 그게 모험의 일부일 뿐이에요. 기다려요 🤭
5,2024-02-01,"서울에 위치한 롯데월드 어드벤처는 놀이공원의 스릴과 풍부한 문화가 어우러진 매혹적인 곳입니다. 실내외 구역에서 스릴 넘치는 놀이기구부터 문화 전시까지 다채로운 어트랙션을 즐길 수 있습니다. 건축학적 경이로움을 자랑하는 매직 캐슬은 마법의 상징으로 손꼽힙니다. 청결에 대한 세심한 배려, 친절한 직원, 그리고 다양한 엔터테인먼트 옵션을 갖춘 롯데월드 어드벤처는 모든 연령대의 방문객을 만족시킵니다. 문화 퍼레이드와 공연은 특별한 경험을 선사합니다."
3,2024-08-17,"롯데월드는 인파와 긴 놀이기구 대기 시간 때문에 꽤 힘들 수 있습니다. 놀이공원 자체에도 멋진 어트랙션이 많지만, 방문객이 너무 많아서 놀이기구를 제대로 즐기는 시간보다 줄을 서서 기다리는 시간이 더 길어지는 경우가 많습니다. 좀 더 여유롭게 즐기고 싶다면, 인파를 피해 한산한 시간대에 방문해 보세요. 하루를 더욱 알차게 보낼 수 있습니다."
4,2025-02-05,서울 중심부에 있는 매우 귀여운 놀이공원 ❤️ 대부분 놀이기구는 최소 2명만 이용할 수 있으므로 그룹으로 방문하는 것이 좋습니다.
4,2024-08-02,"서울의 롯데월드 어드벤처는 스릴 넘치는 놀이기구, 매혹적인 어트랙션, 몰입형 경험이 어우러진 최고의 놀이공원입니다. 고속 롤러코스터부터 마법의 퍼레이드까지 다양한 엔터테인먼트 옵션으로 모든 연령대를 만족시킵니다. 이 공원의 독특한 실내 및 실외 구역은 어떤 날씨에도 즐거움을 보장하며, 활기찬 분위기와 가족 친화적 환경은 잊지 못할 모험을 위한 필수 방문지입니다."
3,2024-03-02,"롯데월드 어드벤처는 실내와 실외 두 구역으로 나뉩니다. 추운 날씨와 흐린 하늘이 괜찮다면 실외에서 즐기는 것이 좋습니다. 실내는 젊은이들로 북적이고, 놀이기구와 상점들이 많으며, 창의적인 음식을 파는 가게들도 있습니다. 맛있지만 가격이 비싼 편입니다. 제 생각에는 특별한 것은 없지만 가족 휴가를 보내기에 시간을 보내기에 좋습니다. 대중교통(기차)으로 쉽게 접근 가능합니다."
3,2024-02-23,말레이시아에서 온라인으로 티켓을 구매하시면 가격이 저렴합니다. 평일에도 사람이 많아서 어떤 게임이든 줄을 서야 합니다. 저희는 어린이용 게임만 플레이하고 있습니다. 다른 게임들은 줄이 길어서 플레이할 기회가 없습니다.
4,2024-02-07,"롯데월드 서울은 엔터테인먼트와 겨울의 즐거움이 완벽하게 어우러진 매력적인 아이스 스케이팅 경험을 선사합니다. 반짝이는 조명과 축제 분위기로 장식된 매혹적인 링크는 초보자와 숙련된 스케이터 모두에게 적합합니다. 잘 관리된 빙판은 매끄러운 활주 경험을 제공하며, 친절한 직원들이 항상 대기하고 있습니다. 롯데월드 내에 위치한 이 링크는 독특한 배경을 자랑하며, 모든 방문객에게 마법 같은 분위기를 선사합니다. 건전한 활동을 원하는 가족이나 로맨틱한 나들이를 원하는 커플 모두에게 롯데월드 아이스 스케이팅 링크는 잊지 못할 경험을 선사합니다. 입장료는 다소 높지만, 전체적인 분위기와 시설은 놀이와 전통적인 아이스 스케이팅의 매력을 모두 갖춘 겨울 명소로 손꼽힙니다."
5,2023-12-08,"크리스마스 전에 방문하는 걸 추천해요. 저녁에 성을 밝히는 아름다운 크리스마스 테마 조명이 정말 아름다워요 🥰. 하지만 복어는 꼭 챙겨 가세요. 사진 찍으려고 한 시간이나 기다렸어요. 전반적으로 야외 놀이기구는 정말 좋았고, 특히 자이로 드롭은 100/10이에요! 놀이기구 안에 귀여운 츄러스도 팔고 있는데 정말 맛있어요. 꼭 드셔보세요! 공원에는 독특하고 맛있는 간식들이 많으니 메인 요리 하나만 먹기보다는 여러 간식을 먹어보는 걸 추천해요! 😊"
5,2023-10-02,"공원 곳곳에 정교한 디테일이 담긴 놀라운 놀이공원은 마치 마법의 땅으로 당신을 데려갈 것입니다. 모든 종류의 놀이기구, 정기적인 공연, 맛있는 음식점, 그리고 구매할 수 있는 귀여운 선물이 가득합니다. 무엇보다도 가장 좋은 점은 가격이 모두 합리적이고 저렴하다는 것입니다."
5,2023-11-19,"전반적으로 놀이기구와 실내외 분위기가 모두 좋았고, 가격 대비 만족스러웠습니다. 다만 로봇 커피 자판기는 영어가 안 됩니다. 언어 문제가 있는 곳이 많아서 한참을 서 있어야 하지만, 그래도 재밌습니다. 추운 날씨에 자고 나면 뭐든 즐겁게 놀 수 있을 것 같습니다. 놀이기구는 넓고 층수도 많고, 존도 많습니다. 평일에 가서 조금 늦게 갔기 때문에 최대한 즐기려면 아침 일찍 가야 합니다. 그렇지 않으면 각 장소에서 줄을 서서 아주 오래 기다려야 합니다. 그래서 몇 가지만 할 수 있었습니다. 쇼도 있었고, 퍼레이드도 있었고, 잠시 앉아서 구경만 하다가 하루가 끝났습니다. 아쉬웠습니다. 아침 일찍 가는 걸 추천합니다. 가장 가치 있는 시간이죠."
5,2025-05-19,"저희는 주로 실내와 실외 놀이기구가 모두 있다는 사실 때문에 롯데월드를 선택했습니다. 가족 친화적인 놀이기구와 스릴 넘치는 놀이기구가 적절히 섞여 있어 모든 연령대에 적합합니다. 한 가지 주의해야 할 점은 티켓 외에 돈을 내야 하는 특정 어트랙션이 있다는 것입니다. 티켓은 한 번만 입장할 수 있으므로 재입장이 불가능합니다. 전자 티켓을 실물 티켓으로 변경해야 하는 것 같은데, 제가 틀렸을 수도 있습니다. 만약 변경해야 한다면 다른 카운터에서 변경해야 한다는 점을 명심하세요."
5,2026-01-17,하루종일 잘 놀았어요. 연말이라서 공연이 재미있었어요.
5,2025-01-21,어른과 아이 모두에게 완벽한 놀이공원입니다. 다양한 명소가 놀랍습니다! 저는 친구와 함께 갔고 원하는 모든 곳을 방문할 수 있었습니다. 예상했던 만큼 줄이 길지 않았습니다. 풍경과 장식이 대단합니다!!! 서울에 있는 동안 꼭 방문해야 할 곳입니다❤️‍🔥
5,2024-06-08,공원에서 정말 멋진 하루를 보냈습니다. 놀이기구는 대부분 한 시간씩 줄을 서야 해서 모든 놀이기구를 다 탈 수는 없었어요. 민속 박물관은 꼭 가봐야 할 곳이에요! 한국의 역사와 다양한 미니어처 세트를 볼 수 있었어요. 공원에는 다양한 음식이 있었고 가격도 나쁘지 않았어요. 다시 방문하고 싶어요!
5,2024-06-05,"정말 재밌었어요. 어트랙션과 놀이기구도 많았어요. 모든 놀이기구를 다 타보지는 못했지만, 공원이 문을 닫을 때까지 정말 즐겁게 놀았어요. 아이들과 함께하는 가족에게 강력 추천합니다."
5,2024-05-06,"예상치 못한 즐거운 하루였습니다! 일찍 갔으면 좋았을 텐데, 더 많은 놀이기구를 탈 수 있었을 텐데요. 야외 놀이기구가 있다는 걸 몰랐어요 😅 이곳을 꼭 방문해보시기를 추천하고, 놀이기구를 타려면 아침에 가세요! raracost에서 저녁을 먹었어요! 음식과 음료가 맛있었어요 😊"
5,2023-11-04,"정말 재밌는 실내 놀이공원이에요! 여러 층에 걸쳐 다양한 놀이기구가 있어요. 줄은 좀 긴 편이지만, 기다릴 만한 가치가 충분히 있어요. 먹을 것도 다양하고요. 놀이공원 주변의 아기자기한 장식도 정말 마음에 들어요. 가족끼리 오기 좋은 곳이에요. 모든 연령대의 분들께 롯데월드를 추천합니다!"
5,2024-06-21,"가족, 친구들과 함께 가기 좋은 곳이에요. 잠실역과 가까워요. 하루 종일 놀기에도 좋고, 꼭 가볼 만한 곳이에요!"
4,2025-05-12,"롯데월드 어드벤처 티켓을 온라인으로 구매했습니다. 카운터에서 사는 것보다 저렴하고, 카운터에서 줄을 서는 것보다 빠릅니다. 한국 공휴일이라 롯데월드에 사람이 많았습니다. 모든 놀이기구를 기다리는 시간이 길었습니다. 티켓에 포함된 아쿠아리움과 민속 박물관도 방문했습니다."
4,2024-03-16,"롯데 테마파크 강력 추천합니다. 실내외 놀이기구가 많고, 1인 탑승 구역이라 대기 시간도 짧습니다. 티켓에는 한국 민속 박물관 관람이 포함되어 있습니다. 흥미로운 경험이었고, 미니어처 마을로 가득한 방이 마음에 들었습니다. 아쉽게도 아쿠아리움에는 시간 내에 가지 못했습니다. 아쿠아리움이 있는 쇼핑몰이 워낙 커서 걸어가려면 꽤 멀었습니다. 모든 것을 제대로 체험할 시간이 부족하기 때문에 아쿠아리움은 추천하지 않습니다."
5,2023-08-22,롯데월드몰 넥스트 뮤지엄 앤디 리멘터 전시 갔었습니다. 넘 멋딘 작품과 작가님의 라이브 드로잉 등 멋진 기획이었습니다
5,2025-09-14,"이 딜은 정말 최고예요! 친구와 저는 별다른 계획 없이 롯데월드에 갔는데, 온라인 티켓을 바로 구매할 수 있다는 사실에 정말 기뻤어요. 줄을 설 필요도 없이 바로 입장할 수 있었을 뿐만 아니라, 이 딜은 훨씬 더 저렴했어요! 롯데월드는 정말 멋지고 아름다워서 비 오는 날에도 꼭 가볼 만한 곳이에요. 다만 오후에는 사람이 좀 많아지는 편이에요. 마지막에 갔던 아쿠아리움이 가장 기억에 남았어요 (티켓에 포함돼 있었거든요)."
5,2025-08-21,"기본적으로 두 구역으로 나뉘는데, 처음 도착했을 때는 구역이 하나뿐인 줄 알았는데, 놀이기구와 액티비티가 대부분 어린이용이라 좀 실망했어요. 그런데 매직 아일랜드라는 구역이 따로 있다는 걸 알게 됐어요. 어른도 탈 수 있는 놀이기구와 액티비티가 많아서 정말 좋았어요. 평일에 갔는데도 줄이 길었으니 매직 패스를 구매하는 걸 추천해요."
4,2025-05-12,아내와 저는 롯데 어드벤처에서 즐거운 하루를 보냈습니다. 트립닷컴에서 예약하면 아주 편리했습니다. 방금 롯데 지정 카운터에 도착해서 티켓을 받을 수 있었습니다. 잠실역에서 지하철을 이용하시는 게 가장 좋습니다. 매직 패스를 구매하지 않으면 줄을 좀 서야 합니다. 민속 박물관과 롯데 아쿠아리움도 방문했는데 정말 좋았습니다.
4,2025-03-19,"가격은 제 생각엔 아울렛보다 확실히 저렴하지만, 그럼에도 불구하고 놀이기구를 기다리는 데 시간이 오래 걸리고, 많은 한국인들이 거기에 있었습니다. 그들이 휴가철인지는 잘 모르겠습니다."
4,2024-12-27,괜찮지만 대기 시간이 길지만 패키지에 다양한 엔터테인먼트가 있고 음식은 너무 비싸지 않습니다. 추가 지불이 필요한 놀이기구가 몇 가지 있습니다.
5,2024-09-04,"모든 연령대의 어린이와 모든 수준의 스릴을 위한 물건. 롤러코스터부터 인터랙티브 게임까지, 모든 사람을 위한 무언가가 있었습니다."
4,2024-04-23,"저는 이 티켓을 RM115에 구매했는데, 클룩보다 훨씬 저렴합니다. 다행히 트립닷컴에서 가격을 확인해보니 트립을 통해 더 저렴한 가격을 받을 줄은 몰랐습니다. 저는 4월 13일 토요일에 롯데월드에 갔는데, 사람이 많았지만 줄은 견딜 만했습니다. 오전 10시부터 오후 7시까지 10개의 놀이기구를 탈 수 있었습니다. 이번이 두 번째 롯데월드 방문입니다. 그 전에는 겨울에 방문했는데, 그때는 대부분의 야외 놀이기구가 문을 닫았습니다. 하지만 이번에는 정말 만족스러웠습니다!"
4,2023-11-11,"그곳에서 즐거운 하루를 보냈습니다. 공원의 두 구역은 서로 다르고, 모든 연령대가 즐길 수 있는 어트랙션이 있습니다. 내부는 어린이와 어린아이들을 위한 공간이고, 외부는 주로 스릴 넘치는 놀이기구로 구성되어 있습니다. 또한, 내부에서는 캐릭터들이 함께하는 퍼레이드도 있고, 밤에는 성에 조명이 켜집니다. 그곳에서 즐거운 하루를 보냈습니다."
5,2023-10-28,"롯데월드 또는 롯데월드 어드벤처는 서울의 주요 레크리에이션 단지입니다. 대규모 실내 테마파크, ""매직 아일랜드""라는 야외 놀이공원, 쇼핑몰로 연결된 호수 위의 인공 섬, 모노레일, 고급 호텔, 전망대, 한국 민속 박물관, 스포츠 시설, 영화관으로 구성되어 있습니다."
4,2024-05-16,"저는 이곳이 정말 좋아요. 볼거리도 많고 재밌는 곳도 많아요. 다른 사람들, 심지어 제 친구들에게도 꼭 추천하고 싶어요."
5,2025-06-03,"롯데월드는 다양한 음식과 놀이기구, 경치를 갖춘 가족 친화적인 테마파크였습니다."
5,2023-08-15,아이스링크 및 민속박물관 그리고 놀이기구까지!아주 꽉찬 알베기 하루였습니다~태풍오는 날임에도 실내에서 뽀송히 놀았습니다ㅎㅎ
5,2025-07-08,정말 좋아요! 하지만 줄이 엄청 길기 때문에 오픈하자마자 바로 가세요! 여유가 되시면 매직 패스를 구매하세요!
5,2025-12-08,크리스마스 퍼레이드와 기분을 느끼고 싶어서 롯데월드 갔습니다. 트리도 예쁘고 퍼레이드도 좋았습니다. 어트랙션 대기는 보통 1시간 이상 2시간 가량 걸리는것도 있었고 사람이 진짜 많김 해서 좀 힘들긴 했습니다
5,2025-03-27,내 K 드라마 판타지를 살아야 해!! 재밌는 곳이었다. 교복도 빌리기 좋았어.
5,2025-08-14,아이들을 위한 훌륭한 실험이 많이 있습니다. 어린아이들이 실내에서 할 수 있는 실험이 많이 있습니다!
5,2025-09-25,"온라인으로 티켓을 구매했는데도 인쇄하려고 줄을 서서 기다려야 해서 정말 불편했어요. 서울 롯데월드는 제가 가본 놀이공원 중 가장 큰 규모는 아니지만, 가격 대비 그만한 가치가 있었어요. 붐비는 곳을 피하려면 평일에 가는 걸 추천해요."
5,2025-08-10,여기 정말 좋았어요! 시내 중심가와 가까워서 가기도 편했어요. 친구들과 저는 평일에 갔는데 사람이 많지 않아서 줄이 꽤 짧았어요. 놀이기구 하나 탈 때마다 20분 정도 기다렸어요. 한 시간 넘게 걸린 놀이기구는 아마 실내 롤러코스터뿐이었을 거예요. 실내와 실외 어트랙션이 있는 것도 마음에 들어요.
3,2025-05-21,"친구들과 함께 롯데월드 어드벤처를 방문했는데, 엇갈린 감정을 느꼈습니다. 분위기는 즐겁고 활기찼고, 첫눈에 보기에도 확실히 인상적이었습니다. 안타깝게도 놀이기구는 한 번도 타보지 못했습니다. 줄이 믿을 수 없을 정도로 길었고, 야외 구역은 비 때문에 폐쇄되어 있었습니다. 실내는 너무 붐비고 시끄러워서 제대로 즐기기가 힘들 정도였습니다. 사실 저희 방문의 하이라이트는 민속 박물관이었습니다. 조용하고 거의 비어 있었지만, 놀라울 정도로 흥미로웠습니다. 메인 파크의 혼잡함에서 벗어나 잠시 쉬어갈 수 있는 좋은 곳이었습니다. 가실 계획이라면 긴 대기 시간과 많은 인파를 각오해야 합니다. 아니면 평일에 방문해서 사람이 덜 붐비는 것을 추천합니다."
5,2024-12-16,정말 놀랍고 스릴 넘치는 경험이었습니다! 극도의 아드레날린 러시를 경험하고 싶어 하는 사람이라면 꼭 방문해야 할 곳입니다. 전문가 팁은 주중에 방문하면 대부분의 놀이기구를 즐길 수 있다는 것입니다.
5,2024-10-03,"여행 패키지는 정말 가성비가 좋았어요❤️. 티켓을 교환할 때 입구에서 여자애가 아쿠아리움이 아니라 스카이 타워라고 말했고 22:00에 문을 닫는다고 했어요. 그래서 아쿠아리움은 없다고 생각하고 스카이 타워로 갔는데 거기서는 우리를 들여보내지 않고 아쿠아리움 티켓이라고 말했어요. 좀 짜증나고 피곤했어요. 아쿠아리움에 갔을 때는 문이 닫혀 있었거든요😅, 그러니 오해의 소지가 있는 조언은 듣지 마세요. 박물관은 정말 흥미로웠지만 아쿠아리움으로 바로 갔으면 좋았을 텐데요."
5,2024-07-17,롯데월드는 정말 재밌는 곳이에요! 너무 크지 않아서 하루 만에 다 볼 수 있어요. 하지만 할 게 많아서 꼭 다시 가고 싶어요! 놀이기구는 모든 연령대가 즐길 수 있어요. 간식은 저렴하고 맛있어요.
5,2024-04-20,"정말 잘 샀어요! 롯데월드 어드벤처 티켓 두 장을 50% 할인된 가격에 샀어요. 처음에는 이 티켓이 얼마나 진짜인지 몰랐는데, 놀이공원에 들어가고 나니 마음이 놓였어요. 모두에게 강력 추천합니다!"
3,2023-12-20,평일에 방문했는데 여전히 너무 붐볐어요. 몇 개의 놀이기구만 탈 수 있었지만 티켓 가격을 생각하면 괜찮았어요. 놀이기구에 정말 관심이 있고 그럴 수 있다면 매직 패스를 구매하는 걸 추천합니다. 인기 있는 놀이기구는 줄이 몇 시간씩 길어지거든요. 치즈빵이 맛있으니 꼭 드셔보세요! 뜨거울 때 먹으면 치즈 풀을 맛볼 수 있어요.
4,2023-11-20,할 거리가 많고 재밌어요. 다만 앱의 QR 코드를 카운터에서 티켓으로 교환해야 해요. 사실 QR 코드로 바로 입장할 수 있으면 더 편리할 것 같아요.
5,2023-12-14,사촌 데리고 갔다 왔었는데 힘들었지만 사촌 동생이 엄청 좋아해서 뿌듯했네요:)
5,2025-04-21,정말 재밌는 경험이었고 돈 한 푼 한 푼 다 가치 있었어요 ㅎㅎㅎ
5,2023-06-26,롯데월드에서 정말 즐거운 시간을 보냈어요! 평일에 가는 게 좋을 것 같아요. 대부분의 놀이기구를 타고 싶으시다면 패스트 패스를 구매하는 걸 추천해요. 저희에게는 정말 유용했어요.
4,2025-09-22,신나는 놀이기구와 맛있는 음식으로 즐거운 시간을 보냈습니다. 테마에 맞는 옷을 대여하고 입어볼 수도 있습니다.
5,2024-06-10,입장권으로 쉽게 교환 가능. 어린이와 어른 모두에게 즐거운 테마파크입니다.
5,2024-05-01,특히 가족과 함께 여행하는 것은 정말 즐거웠습니다.
5,2025-09-06,"네, 정말 놀랍지만 가족과 아이들과 함께 오는 것을 강력히 추천합니다. 체험할 수 있는 놀이기구가 많으니 모두 즐기고 싶다면 일찍 오세요."
4,2025-08-12,"글쎄요, 가볼 만한 곳, 맛집, 이벤트는 많지만, 멋진 어트랙션을 경험하고 싶다면 굳이 방문할 필요는 없을 것 같아요. 인기 있는 놀이기구는 대기 시간이 한 시간이나 되거든요. 물론 매직 패스를 구매할 수도 있지만, 멋진 놀이기구는 한 번만 이용할 수 있어요."
4,2025-04-11,"매직 패스 3장으로 티켓을 구매하는 걸 추천합니다. 카운터에서 받는 매직 패스는 정말 빨리 매진되거든요. 유명 놀이기구는 대기 시간이 엄청 길기 때문에, 야외에서 익스트림한 놀이기구를 즐기고 싶다면 매직 패스가 필수입니다. 전반적으로 정말 좋은 경험이었어요! 벚꽃이 만발하고 정말 아름다우니 봄에 가시는 걸 추천합니다!!"
4,2024-11-14,"테마파크를 좋아하는 사람으로서 가격이 좀 비싼 것 같지만 인기 있는 놀이기구를 탈 때는 매직패스를 한 번만 사용할 수 있고, 그 후에는 다른 놀이기구를 탈 때는 긴 줄을 서야 하는 일반 티켓이 됩니다. 비용을 지불하는 것을 마다하지 않는 사람이라면 테마파크에서 판매하는 매직패스 5, 7과 함께 티켓을 사는 게 더 좋습니다(인기 있는 놀이기구가 3개 이상 있어서 온라인 티켓으로는 부족하거든요. 하하)"
5,2024-08-09,"정말 놀라운 경험을 놓치고 싶지 않으실 거예요. 이곳은 기쁨과 행복으로 가득 차 있어요. 서울 어디에 묵으시든 쉽게 접근 가능한 도심에 위치해 있어요. 익스트림 롤러코스터와 번지점프 등 다양한 어트랙션과 놀이기구를 갖추고 있어 아이들과 가족 모두 즐기기에 좋습니다. 가끔 줄을 서서 기다려야 했지만, 분명 그럴 만한 가치가 있어요. 친절한 직원들에게 진심으로 감사드립니다."
2,2024-08-05,"우리는 3월 말에 갔는데, 지역 주민과 관광객으로 너무 붐볐어요. 좀 더 신나는 놀이기구를 탈 때마다 긴 줄이 서 있어요... 우리는 하루 종일 비웠지만 줄 때문에 아이들이 몹시 낙담했고 일찍 떠나 다른 곳으로 가야 했어요..."
5,2024-05-16,2023년 10월 30일 월요일에 교복을 입고 갔어요. 티켓을 미리 예약해서 아주 순조롭게 진행되었어요. 정말 멋진 경험이었어요 💕. 외국인들을 위해 힘써주신 trip.com에 감사드립니다.
5,2024-03-31,"롯데월드 어드벤처에 들어서는 순간, 짜릿한 스릴의 세계로 휩싸였습니다. 심장이 쿵쾅거리는 아틀란티스 롤러코스터부터 자이로 드롭 꼭대기의 숨 막히는 절경까지, 매 순간이 모험입니다. 프랑스 혁명 시대의 루프는 짜릿함을 선사하고, 로스트 밸리의 공룡들은 저를 과거로 데려다줍니다. 아이스링크를 활강하고 매직 캐슬의 퍼레이드에 감탄하며, 잊지 못할 즐거운 하루였습니다."
5,2024-02-06,"• 롯데월드 어드벤처는 서울에서 가장 인기 있는 실내 테마파크입니다. 스릴 넘치는 놀이기구, 엔터테인먼트 쇼, 박물관이 가득합니다. 정말 즐거운 경험을 선사합니다. 🥰"
5,2025-10-12,사람이~~사람이~~너무 많네요^^;; 싸게 잘가서 만족~~아이가 좋아하네요^^
5,2025-06-02,평일에 패스트패스 샀는데 진짜 괜찮아요!!! 놀이공원이 스릴 넘치네요
5,2024-10-04,정말 놀랍고 멋진 투어였습니다
5,2024-05-17,가족이 방문하기 좋은 곳
5,2025-12-18,오래만에 방문한 롯데월드였지만 역시 재미있고 퍼레이드가 사람들에게 인기가 많은듯 하네요.
1,2025-12-02,어이가 없는 트립닷컴입니다 010으로 번호 입력 안하면 안된다고 구석탱이에 숨겨뒀네요. 그 전이 해외갈 때 쓰던 어플이라 +82 10 으로 시작하는 번호가 저장되어 있었는데 이것 때문에 입장권 못 받고 문의하니 재발송은 안된다고 할 수 있는게 없다고 배째라ㅋㅋㅋ 캡처본 대로 들어가서 맨 아래 ‘자세히보기’ 들어가야 적혀있는 걸 누가 압니까. 정작. 롯데월드 직원한테 입장권 못 받았다고 말하니 흔쾌히 예약내역 보고 들어보내줌ㅋㅋㅋㅋㅋ 트립닷컴 ㄹㅇ 하는 일이 없음. 주요사항 공지라도 똑바로 하라고 하니 자기들도 그렇게 생각한다고 함ㅋㅋㅋ이런 똑같은 문의가 많다네욬ㅋㅋ
5,2025-11-16,"네, 서울에서 방문하기 좋은 환상적인 테마파크예요. 예약도 편리하고 가격도 저렴해요. 우리 아이도 너무 좋아했어요."
4,2025-08-15,"좋아요, 구경하기 좋네요. 공간은 넓은데 줄이 꽤 길어요. 한국의 역사를 알 수 있는 민속 박물관 티켓도 포함되어 있어요."
5,2025-05-23,"롯데월드 정말 좋았어요! 더 일찍 갔으면 좋았을 텐데요. 수요일 오후라 많은 놀이기구 줄이 한 시간 정도였어요. 저희는 문 닫을 때까지 기다렸는데, 그때는 대기가 없었어요. 저희는 아쿠아리움 콤보 상품으로 예약했어요. 아쿠아리움은 정말 아름다웠어요! 하지만 롯데월드에서 꽤 멀리 떨어져 있었어요(도보로 약 10분). 그래도 롯데월드에서 한 번 나가서 아쿠아리움에 갈 수 있고, 아쿠아리움에서 음식을 먹으러 밖으로 나갈 수 있어요. 콤보 티켓에 추가로 3달러를 낸 만큼의 가치가 충분히 있어요."
3,2025-03-19,"기대했던 것보다는 그다지 흥미롭지 않았어요. 숙소가 좀 부족했어요. 하지만 이 패키지는 확실히 가성비가 좋았어요. 다만 두 숙소가 서로 좀 떨어져 있으니, 여행 계획을 세우는 게 좋을 것 같아요."
5,2025-03-04,"서울에서 꼭 가봐야 할 곳, 롯데월드! 신나는 놀이기구, 환상적인 분위기, 그리고 다양한 먹거리까지. 남녀노소 누구나 즐길 수 있는 곳이에요. 다만, 붐비는 시간을 피하려면 평일에 방문하는 것이 좋습니다."
5,2025-02-27,롯데월드/타워는 처음 가봤어요. 정말 재밌었어요! 벌써 저녁 8시가 넘었고 너무 피곤했는데도 스카이타워에 갈 수 있어서 다행이었어요. 야경은 정말 멋졌어요.
1,2024-11-26,"우리는 2살짜리 아이에게 큰 기대를 걸었지만, 한국의 대부분 지역과 마찬가지로 실망했습니다. 오해하지 마세요. 잘 만들어졌지만, 놀이기구를 탈 때마다 1시간 이상 기다려야 하고, 키가 큰 성인들로 가득 차 있어서 유아 놀이기구를 타려고 줄을 선 성인들을 보면 상당히 불쾌합니다. 그녀는 대부분 울었는데, 본 것에 탈 수 없었기 때문입니다. 또한 안에서 아기 티켓을 지불할 준비를 하세요. 말도 안 됩니다. 우리가 가본 테마파크 중 최악이에요!"
5,2024-11-26,정말 멋진 곳이에요 ㅋㅋㅋㅋㅋㅋㅋㅋㅋㅋㅋㅋㅋㅋㅋㅋㅋㅋㅋㅋㅋㅋㅋㅋㅋㅋㅋㅋㅋㅋㅋㅋㅋㅋㅋㅋㅋㅋㅋㅋㅋㅋㅋㅋㅋㅋㅋㅋㅋㅋㅋㅋㅋㅋㅋㅋㅋㅋㅋㅋㅋㅋㅋ
5,2024-11-15,"종이 티켓은 QR 코드로 간편하게 결제할 수 있어요. 놀이기구는 티켓에 모두 포함되어 있어요. 제 생각에는 가격에 비해 공원이 너무 좁고 사람이 많아서 익스프레스 매직 패스가 없으면 놀이기구를 탈 시간이 거의 없어요. 평일에 가도 사람이 많아요. 그래도 분위기는 좋고, 아쿠아리움은 생각보다 일찍 닫으니 일찍 가는 걸 추천해요! 전반적으로 재밌었어요!"
5,2024-11-08,"롯데월드는 어르신들이 방문하기 좋은 곳으로, 짜릿함과 편안함을 동시에 선사합니다. 아름다운 실내외 공간을 자랑하는 이 공원은 모든 연령대의 방문객에게 적합하며, 특히 어르신들은 더욱 만족하실 것입니다."
5,2024-04-02,다양하고 좋다 좋다 아주 좋다
4,2023-12-25,"실제 티켓은 카운터에서 교환해야 합니다. 다행히 티켓을 기다리는 사람이 많지 않았습니다. 저희가 롯데월드에 갔을 때는 특히 학생들이 많았습니다. 게임당 대기 시간은 1시간 30분에서 2시간 정도였고, 인기 게임은 최대 3시간까지 걸렸습니다. 방학 중에는 추천하지 않습니다."
4,2023-11-13,두 명 이상의 어린이를 동반한다면 이곳이 적합할 것입니다. 그렇지 않다면 에버랜드를 고려해 보세요. 하지만 여기는 실내 공원이고 다른 하나는 야외 공원입니다. 아이들과 함께라면 정말 즐거운 시간을 보낼 수 있습니다. 제 추천은 이겁니다. 그 외에는 티켓 교환이 쉽습니다. 바코드만 보여주면 실물 티켓을 줍니다.
5,2023-10-12,아기와 가족에게 좋은 곳이에요. 쇼핑몰과 백화점 안에 있어서 다른 테마파크에서는 대부분 패스트푸드만 먹을 수 있는데 비해 아주 맛있는 음식을 즐길 수 있어요. 놀이터도 멋지고 우리 아기가 너무 좋아해요.
4,2023-10-05,한국을 방문하면 꼭 방문해야 할 곳! 실내 테마파크와 야외 테마파크로 구분할 수 있는 다양한 어트랙션이 있습니다.
5,2023-09-02,친구랑 롯데월드 어드벤처에 갔어요. 정말 좋은 경험이었어요!! 롤러코스터랑 다른 어트랙션도 타보고 너무 신났어요. 재밌게 놀아주셔서 감사해요!! 다시 롯데월드 가고 싶어요!
5,2025-03-08,"꽤 재밌는 위치, 매우 컴팩트합니다. 하지만 줄이 꽤 길어질 수 있습니다. 돈에 대한 가치가 괜찮습니다!"
5,2024-06-14,매직패스 이용하여 너무 잘다녀왔어요
4,2025-11-09,"멋진 게임들을 즐기려면 항상 줄이 길었어요. 일찍 가야 하고, 택시 잡기도 정말 어려웠어요."
5,2023-10-04,"오, 제가 가본 테마파크 중에 여기가 제일 예쁘네요! 😍😍😍😍😍😍😍😍😍!!!"
4,2024-12-28,기다리지 않기위해 매직패스를 끊어야빠르게 입장하고 즐길수 있습니다.
3,2023-10-06,"휴일에 갔는데 사람이 너무 많아서 아무것도 즐길 수가 없었어요. 줄도 엄청 길었어요. 비싸더라도 패스트패스를 사는 게 낫겠지만, 정말 즐기고 싶다면 사는 게 나을 거예요. 수족관은 괜찮았지만 사람이 너무 많았어요."
5,2023-10-25,10/10 경험해 볼 만한 가치가 있어요!! 어린 시절의 꿈을 되살려 보세요 😍
5,2026-01-08,트립에서 이런 패키지도 있어 좋네요~ 다음번 또 이용할꺼 같습니다
3,2023-11-11,전반적으로 나쁘지는 않지만 줄이 너무 길어서 롯데 매직패스를 구매하는 걸 추천합니다.
3,2023-09-29,주말에는 꽤 붐빕니다. 유명한 명소는 줄을 서야 합니다. 실내와 실외가 있습니다.
5,2023-12-03,"어린이와 노인 모두가 즐길 수 있는 실내, 실외 놀이기구가 모두 있어서 좋았어요!"
5,2023-08-11,멋진 실내 놀이공원이에요! 디테일이 디즈니 못지않아요. 겨울에 딱이에요~
5,2026-01-08,어린이와 성인 모두를 위한 재미있는 장소! 대기열은 그리 길지 않습니다. 특히 아침에 오면 놀이기구가 꽤 좋습니다. 또한 멋진 사진을 많이 찍고 인스타크스를 빌릴 수도 있습니다! 재미있는
5,2026-01-01,"구매 과정이 매우 간편하고 가격도 정말 합리적입니다. 저는 3개 지점 이용권을 50% 할인받았어요. 하지만 한 가지 확실한 건, 패스트 패스를 꼭 구매하세요. 대기 줄이 엄청나게 길기 때문에 패스트 패스가 있으면 하루에 최소 3게임은 즐길 수 있어서 정말 가치가 있습니다."
5,2025-11-24,"방문 후 정말 감동했습니다. 분위기가 정말 좋고, 아이와 어른 모두에게 적합합니다. 실내외 다양한 놀이기구가 있어서 날씨가 좋지 않아도 편리하게 이용할 수 있습니다. 줄은 꽤 잘 정돈되어 있고, 직원들은 친절하고 도움을 많이 줍니다."
5,2025-11-18,매직 패스로 티켓을 구매했어요. 평일에 갔는데 줄이 엄청 길었어요. 여기 가실 분들은 매직 패스 티켓을 꼭 구매하세요. 적어도 세 번은 오래 기다리지 않고 탈 수 있거든요. 어떤 줄은 2분짜리 놀이기구를 타려고 2시간씩 기다려야 할 때도 있어요. 전반적으로 정말 멋진 곳이었어요. 저희가 타려고 했던 놀이기구 몇 개는 무슨 이유에선지 닫혀 있었어요. 결국 게임 몇 개는 했지만요. 밤 공연은 정말 좋았어요.
5,2025-09-13,"커플끼리 정말 즐거운 하루였어요... 놀이기구도 좋고 분위기도 좋았어요. 박물관 입장권이 포함된 매직 패스 티켓을 구매했는데, 사용하기 정말 쉬웠어요. 입장권/박물관 입장권과 매직 패스 티켓을 같은 티켓으로 사용했거든요. 가성비가 정말 좋았어요. 토요일에 방문했는데도 오후에는 사람이 너무 많아서 개장 시간에 맞춰 가는 걸 추천해요."
4,2025-08-28,"평일에 가서 정오쯤 도착했어요. 사람이 많지는 않았지만, 돌아오는 길에 롯데월드에 들어가려고 기다리는 사람들이 꽤 있었어요. 패스트트랙 놀이기구가 세 개 있어서 줄은 그렇게 길지 않았어요. 아쉽게도 코멧 익스프레스 놀이기구는 마감되어서 한 번은 놓쳤어요."
5,2025-08-18,"더운 여름에는 이런 실내 놀이공원이 아이들과 즐거운 하루를 보내기에 더할 나위 없이 좋습니다. 실내 놀이공원은 주로 어린아이들에게 더 적합한데, 일곱 살인 제 아들이 가장 좋아했습니다."
4,2025-08-08,"실내외 놀이기구가 있는 좋은 곳이에요. 평일에 갔는데도 사람이 너무 많았고, 일부 놀이기구는 정비 때문에 문을 닫았더라고요. 3시간 정도 있다가 그냥 나왔어요."
3,2025-07-26,이곳은 괜찮아요. 반나절 여행으로는 괜찮아요. 재미있는 볼거리는 많지만 음식은 별로예요. 아직 안 가보셨다면 꼭 가보세요. 안 가도 크게 문제될 건 없지만요.
5,2025-07-16,"붐볐지만 정말 재밌었어요. 야외 경기는 닫혀 있었거든요. 비가 올 줄은 몰랐는데, 야외 경기는 닫혀 있었거든요. 가기 전에 날씨 꼭 확인하세요."
5,2025-07-16,"붐볐지만 정말 재밌었어요. 야외 경기는 닫혀 있었거든요. 비가 올 줄은 몰랐는데, 야외 경기는 닫혀 있었거든요. 가기 전에 날씨 꼭 확인하세요."
4,2025-06-25,"125cm에서 160cm 사이, 즉 7~12세 정도 되는 아이들은 탈 수 있는 놀이기구가 많지 않습니다. 연령대에 따라 놀이기구가 더 강렬했으면 좋겠습니다. 5세 이하 또는 14세 이상 자녀가 있다면 좋을 것 같습니다."
5,2025-06-22,"둘 다 40살이 넘었으니 이곳은 우리에게 그다지 적합하지는 않지만, 어쨌든 놀이기구와 퍼레이드가 있어서 정말 좋았어요. 십 대들이라면 정말 좋아했을 거예요."
5,2025-06-14,"롯데월드는 처음 방문했는데, 퍼레이드가 특히 좋았어요. 포켓몬 열기구는 정말 오래 기다렸지만, 그만큼 가치가 있었어요."
5,2025-06-01,"일요일에 갔는데도 우리 가족은 롯데월드 여행을 정말 즐겼습니다. 거의 모든 놀이기구의 대기 시간이 60분 이상이었고, 매직 패스 덕분에 시간을 정말 많이 절약할 수 있었습니다."
5,2025-04-19,가족과 함께 이곳을 방문했습니다. 어렸을 때 여기서 많이 놀았기 때문에 이곳이 정말 좋았습니다. 아이와 함께 다시 와서 아내와 함께 특별한 추억을 나누는 건 정말 특별한 경험이었습니다. 이 실내 테마파크를 강력 추천합니다. 감사합니다!
5,2025-04-10,"그만한 가치가 있고, 늦은 밤까지 머물며 여러 라운드를 플레이할 수 있고, 사용하기 쉽습니다."
5,2025-04-08,정말 재밌고 가성비도 좋아요. 7~8시간 정도 여기서 보냈는데 아직 탈 만한 놀이기구가 남아 있었어요 :)
5,2025-03-17,"Trip.com 감사합니다. Trip.com을 통해 예약했는데 절차가 간단했습니다. 다만 비가 오고 있었습니다. 실내 놀이 공간은 훌륭했지만, 야외 공간은 비 때문에 닫혀 있었습니다. 롯데월드 어드벤처 여행을 계획하기 전에 날씨를 꼭 확인하세요. 실내 공간도 즐거웠습니다."
5,2025-02-04,"롯데월드 어드벤처 서울은 처음부터 끝까지 순수한 즐거움으로 가득합니다! 스릴 넘치는 놀이기구, 가족 친화적인 어트랙션, 그리고 활기 넘치는 엔터테인먼트까지, 누구나 즐길 거리가 가득합니다. 파크 곳곳에는 맛있는 음식을 판매하는 노점들이 가득하여 하루 종일 활력을 유지할 수 있습니다. 실내외를 막론하고 활기찬 분위기와 잘 관리된 시설은 환상적인 경험을 선사합니다."
4,2025-01-10,온라인과 현장에서 더 많은 정보를 제공하여 사용자가 티켓을 더 쉽게 수령할 수 있도록 하면 좋을 것 같습니다. 입장 후에는 일부 놀이기구는 추가 요금이 부과된다는 점을 알아두는 것이 좋습니다. 스누피 테마 크리스마스가 있어서 정말 좋았습니다!
5,2024-12-19,"아이들은 그곳에서 정말 즐거운 시간을 보냈어요. Trip.com에 매직 패스 옵션이 있었으면 좋았을 텐데, 저는 롯데월드에 도착하고 나서야 매직 패스에 대해 알게 되었어요. 민속 박물관은 방문할 시간이 없었어요. 줄을 서지 않으려면 일찍 가세요."
5,2024-12-03,트립닷컴을 통해 롯데월드 티켓을 쉽고 간편하게 구매하세요. 카운터에서 티켓을 교환하시면 됩니다!
5,2024-10-10,이곳은 정말 좋은 놀이기구가 있는 훌륭한 장소입니다. 음식과 음료는 다른 나라의 관광 명소에 비해 그렇게 비싸지 않습니다. 방문할 가치가 충분합니다.
5,2024-09-10,롯데월드 입구 앞에서 할인 티켓을 구매했어요. 정말 간편하고 바로 사용할 수 있었어요. Trip.com에서 가격이 훨씬 저렴해서 정말 좋았어요.
5,2024-08-26,"서울에 위치한 롯데월드 어드벤처는 실내와 실외 어트랙션이 어우러진 활기찬 테마파크입니다. 실내 공간인 롯데월드몰에는 모든 연령대가 즐길 수 있는 다양한 놀이기구와 엔터테인먼트 시설이 마련되어 있으며, 실외 매직 아일랜드에는 스릴 넘치는 롤러코스터와 신나는 어트랙션이 있습니다. 롯데월드 어드벤처는 잘 정비되어 있고 깨끗하며, 다양한 식사와 쇼핑을 즐길 수 있습니다. 특히 주말과 공휴일에는 혼잡할 수 있지만, 전반적으로 즐거운 경험을 선사합니다. 전반적으로 롯데월드 어드벤처는 가족 단위 여행객과 스릴을 즐기는 여행객 모두에게 재미있고 다채로운 경험을 제공합니다."
5,2024-08-21,모든 연령대에 적합합니다. 공원이 크지 않아서 쉽게 둘러볼 수 있습니다. 어린아이부터 어른까지 모두 즐길 수 있는 놀이기구도 있습니다. 퍼레이드도 훌륭해서 시간을 내서 꼭 관람해 보세요.
5,2024-08-19,환전도 쉽고 바로 이용할 수 있었어요. 롯데월드에는 저희 가족의 필요에 맞는 다양한 놀이기구와 어트랙션이 있어요. trip.com의 가격도 경쟁력이 있어요. 추천합니다!
5,2024-08-15,정말 멋진 공원이에요. 다만 롤러코스터가 너무 많거나 빠르다는 기대는 하지 마세요. 다른 것보다는 미적인 부분에 좀 더 중점을 두고 있어요. 하지만 남녀노소 누구나 즐길 수 있는 곳이에요. 특히 날씨에 얽매이지 않아서 더욱 그렇죠.
5,2024-08-05,"서울에 위치한 롯데월드 어드벤처는 스릴 넘치는 놀이기구, 멋진 실내 아이스링크, 매력적인 민속 박물관 등 다양한 어트랙션을 갖춘 대규모 실내외 테마파크입니다. 모든 연령대가 즐길 수 있는 재미있는 쇼와 생동감 넘치는 퍼레이드는 방문의 즐거움을 더합니다."
5,2024-08-05,"오, 정말 좋은 곳이네요. 정말 좋아요. 마치 섬처럼 보이네요. 세상에서 가장 환상적인 곳이에요. 저는 한 번도 가본 적이 없어요. 제 행운이죠. 언젠가 꼭 가보고 싶어요... 좋아요"
5,2024-08-04,"모든 연령대에 맞는 다양한 놀이기구를 갖춘 가족 친화적인 테마파크입니다. 어느 계절에나 방문할 수 있으며, 즐겁고 재미있는 경험을 할 수 있습니다."
5,2024-07-30,"친구, 가족과 함께 즐길 수 있는 놀이공원이에요!! 친구들과 함께 갔는데 정말 최고였어요. 전반적으로 정말 즐거운 시간을 보냈어요. 공원이 정말 넓어서 놀이기구가 겹칠까 봐 걱정하지 마세요. (원하는 대로 하지 않는 한) 시간이 부족할 수도 있거든요. 어린아이들도 탈 수 있는 놀이기구가 정말 많아요. 정말 멋진 경험이었어요^^"
5,2024-07-22,"괜찮은 곳이에요. 한 곳에 다양한 놀이기구가 많아요. 일요일에 가서 좀 붐볐지만, 인기 놀이기구는 최대 60분까지 기다렸어요. 그래도 그만한 가치가 있었어요. 물론 디즈니 월드나 유니버설 스튜디오와는 비교할 수 없지만, 실내라서 햇볕 아래서 기다릴 일은 없겠네요."
5,2024-06-18,"전반적인 경험 편의성: 롯데월드와 아쿠아리움 통합권은 매우 편리해서 하루에 두 개의 주요 어트랙션을 모두 즐길 수 있었습니다. 덕분에 시간과 비용을 절약할 수 있었고, 가족 단위 여행객에게 매우 합리적인 선택이었습니다."
5,2024-06-18,정말 좋았어요! 제 티켓은 롯데월드 어드벤처 1일권과 서울스카이 티켓이 합쳐진 상품이었어요. 정말 값어치 있었어요! 하루에 다 돌아볼 수 있어서 정말 최고였어요. 강력 추천합니다!
4,2024-06-15,평일 아침인데도 사람이 정말 많았어요 :) 그래도 즐거웠어요! 코멧 익스프레스는 혜성특급이라고 하니 꼭 타보시길 추천드려요!
5,2024-06-11,이 공원에서 롤러코스터 세 개를 꼭 타보세요. 프렌치 레볼루션은 플립플랩과 '울퉁불퉁한' 순간을 즐기는 사람들에게 적합합니다. 아틀란티스 어드벤처나 두 번째 롤러코스터는 산악 구조물 사이를 날아다니며 아슬아슬한 순간을 선사합니다. 물보라를 일으키는 부분도 몇 개 있어서 정말 좋습니다. 세 번째 롤러코스터인 코멧 익스프레스는 다양한 스핀을 제공하여 정말 최고로 만족스러울 거예요! 정말 감탄할 거예요! 저는 전에 없던 경험을 했어요! ❤
5,2024-06-01,아이들과 함께 멋진 하루를 보냈습니다. 입장도 정말 간편했어요. 아이들과 함께 할 수 있는 액티비티도 많았어요. 다만 할랄 음식은 많지 않았어요.
5,2024-05-01,"Trip.com을 통해 예약하기가 쉽고, 믿을 수 있습니다. 카운터에서 바우처를 교환했습니다. 하지만 롯데쇼핑 상품권을 받지 못했고, 요청하는 것도 잊었고, 줄이 너무 길어서 따로 요청하지 않고 바로 줬으면 좋았을 텐데요. 그 외에는 사이트도 좋고 예약 경험도 훌륭했습니다!"
4,2024-03-11,"괜찮았어요. 이전 놀이공원들에 비해 규모도 크고 신나지도 않았어요. 게임 몇 개밖에 못 했고, 줄도 엄청 길었어요. 어쨌든 서울에 간다면 꼭 가볼 만한 곳이에요."
5,2024-03-08,티켓을 구하기 쉬웠습니다. 아이들이 정말 재밌게 놀았습니다. 실내와 실외 공간이 있어서 장소가 꽤 큽니다. 아이들과 함께 가는 가족이라면 꼭 가봐야 할 곳입니다.
5,2024-02-28,"서울 롯데월드에 들어서는 순간, 마치 마법 소설 속 세상으로 들어온 듯한 느낌이었습니다. 마치 환상적인 동화책 속으로 들어온 듯 경이로움이 가득했습니다. 롯데월드의 생동감 넘치는 건축물과 다채로운 색감은 마치 평행 우주를 만들어내며, 곳곳에 숨겨진 이야기가 펼쳐졌습니다. 마법의 성의 눈부신 조명은 밤하늘을 밝히며 저를 꿈과 설렘의 세계로 초대했습니다. 스릴 넘치는 어트랙션들을 타고, 동료 모험가들의 웃음소리와 기쁨은 소설 속 등장인물들의 활기찬 대화처럼 메아리쳤습니다. 가슴 뛰는 롤러코스터부터 평화로운 보트 타기까지, 각각의 놀이기구는 반전과 반전으로 펼쳐지는 이야기의 일부가 되었습니다. 환상과 현실이 뒤섞인 롯데월드는 제 여행 경험의 소설에서 매혹적인 한 장을 선사했습니다."
5,2024-01-29,"롯데월드 놀이공원에서 먼저 티켓을 구매한 후 아쿠아리움에 가는 것을 잊지 마세요. 놀이공원에서 얼마나 오래 머물고 싶은지에 따라, 하루에 두 곳을 다 둘러보는 건 꽤 힘들 수 있습니다."
5,2024-01-04,"겨울에 갔는데 눈이 많이 왔어요. 야외 놀이기구는 문을 닫았지만 실내 놀이기구는 정말 멋졌어요. 공연도 훌륭했어요. 참고로, 재입장은 불가하며, 한국 민속 문화에 꼭 필요한 티켓이니 분실하지 않도록 주의하세요."
5,2024-01-03,가족 여행을 갔어요. 정말 멋진 여행이었어요. 아이들과 행복한 시간을 보낼 수 있었어요. 내년에 다시 와서 또 놀 거예요. 어떤 경기는 정말 힘들었거든요🤣
5,2023-12-31,"실내 공원인데, 몇몇 게임은 제대로 작동하지 않았지만 즐거운 시간을 보냈습니다. 줄 서서 먹는 음식은 거의 없었고, 화장실도 많고 흡연실도 두 개나 있어서 사랑하는 사람들과 함께 방문하기 좋은 곳이었습니다."
5,2023-12-03,"티켓은 현장에서 구매하는 것보다 거의 50% 할인된 가격으로 훨씬 저렴했습니다. 가는 길에 바로 구매했는데, 즉시 확인되고 쉽게 사용할 수 있었습니다. 정말 좋은 상품입니다."
5,2023-12-01,"Trip.com에서 티켓을 구매했는데 가격이 가장 저렴해서 좋았어요! 카운터에서 티켓 교환하는 것도 아주 쉬웠는데, 어느 카운터로 가야 할지 정확히 알고 있으면 됐어요. 실내와 실외가 모두 있는 이 공원은 당일치기 여행에 딱이에요. 공원 안에는 식당도 있어서 배고픔을 느낄 필요가 없어요. 지하철로도 쉽게 갈 수 있어요."
5,2023-09-26,"정말 재밌어요! 모든 연령대에 적합하고, 좌석 공간과 콘센트가 넉넉해요. 실내외 모두 티켓이 있고, 추가 요금이 있는 액티비티는 몇 가지뿐이에요. 버스로 쉽게 접근 가능합니다."
5,2023-08-01,정말 멋진 곳이에요. 여행하기 좋은 곳이에요. 정말 아름다운 곳이에요. 너무 좋아요. 언젠가 다시 가고 싶어요.
5,2025-06-25,"꼭 가볼 만한 곳입니다. 스릴 넘치는 놀이기구와 어린이 놀이기구가 있고, 삼바 댄스 등의 공연도 볼 수 있습니다."
5,2025-10-15,정말 멋진 테마파크였어요. 정말 넓어요! 온 가족이 함께 즐거운 시간을 보냈어요. 누구나 즐길 거리가 가득했어요. 꼭 가봐야 할 곳이에요.
5,2025-07-19,매우 좋은 거래입니다. 롯데월드 어드벤처에 입장한 후 아쿠아리움에 가서 다시 롯데월드 어드벤처로 돌아올 수 있습니다.
5,2024-03-29,실내이지만 규모가 커서 실외 같아요
5,2025-12-29,오랜만에 롯데월드 가니까 행복!
5,2026-01-01,저렴하게 티켓 구매했어요
4,2025-12-19,"깨끗하고 아름다운 곳이었고, 아이 4명과 어른 4명이 지내기에 좋았습니다. 감사합니다."
4,2024-09-26,"많은 놀이기구와 마찬가지로, 롯데월드는 한국의 주말과 여름 방학(7월 중순부터 8월 중순까지)에 보통 붐빕니다. 9월에 열리는 추석 연휴와 크리스마스, 새해 연휴에도 더 많은 사람들이 찾아옵니다. 놀이기구를 타려면 인파가 적고 대기줄이 짧을 수 있으니, 이 시기를 피하는 것이 좋습니다."
4,2024-08-03,대기줄이 길어서 매직패스 없이는 4개 이상 플레이도 못함
5,2024-06-24,👍👍👍👍👍
5,2024-04-08,"네, 어린아이들과 함께 좋은 경험을 할 수 있고, 특히 벚꽃 시즌에는 환경이 좋습니다."
5,2026-01-01,명불허전 놀이기구들
5,2025-12-29,롯데월드 최고 입니다
5,2025-11-29,"정말 재밌었어요, 퍼레이드는 환상적이었어요. 실내 놀이터는 많지만, 키 100cm 미만 어린이를 위한 놀이기구는 많지 않았어요."
5,2025-07-16,우리 딸들은 롯데월드에서 즐거운 시간을 보냈어요. 그리고 또 오고 싶어해요!
5,2024-12-08,항상 즐거운 롯데월드
5,2024-07-12,good place
5,2024-01-13,good place
5,2026-01-04,Vert nice
5,2025-11-28,너무 즐거웠습니다
5,2026-01-06,최대한 싸게 간듯
5,2025-01-21,매직 패스를 사야 합니다. 매직 패스가 없으면 평일에도 줄이 너무 길어집니다.
5,2025-12-28,즐거운여행
5,2025-08-22,"아이들과 함께 방문하기 좋은 곳인데, 일부 명소는 대기 시간이 너무 길어서 체험하기 힘듭니다."
5,2024-10-06,"어렸을 때부터 제일 좋아하는 테마파크였어요! 여기 세 번이나 왔는데, 다음에도 꼭 다시 갈 거예요."
5,2026-01-02,특히 인기 있는 놀이기구를 위해 긴 시간 동안 줄을 서야 하지만 멋진 경험을 할 수 있습니다!
4,2023-10-15,"이용하기 쉽고, 놀이기구를 타려면 줄이 좀 길어질 수 있지만, 괜찮은 곳이에요. 오래 있을 필요는 없을 것 같아요."
5,2024-06-11,장소는 좋은데 주말에는 너무 붐벼요. 놀이기구를 탈 때마다 최소 40분에서 50분은 기다려야 해요.
5,2024-02-04,좋은 환경이었지만 사람이 너무 많고 대기줄이 너무 길었습니다.
4,2025-11-24,"사람이 많은 날에는 대기 시스템이 정말 복잡해요! 일부 놀이기구는 티켓팅 대기 시스템이 있는데, 접근성을 높이기 위해 지도를 개선했으면 좋겠어요. 우연히 한국에서 공휴일에 놀러 갔는데, 놀이기구 다섯 개밖에 타지 못했어요. 놀이기구 한 개당 1시간 30분씩이나 대기하는 걸 보면, 놀이기구의 인프라가 엄청난 인파를 감당할 만큼 잘 만들어지지 않았다는 걸 알 수 있어요. 더 많은 놀이기구를 경험하고 싶고, 다음에 꼭 날짜를 확인해 봐야겠어요."
4,2025-10-01,"야외 익스트림 게임, 그네, 회전 게임이 정말 좋았어요. 날이 더워서 좀 불편했어요. 실내에서 하는 해적 게임도 정말 좋았어요. 그리고 수족관도요."
3,2025-08-18,"테마파크는 실내와 실외로 나뉘어 있으며, 두 구역 모두 놀이기구가 있습니다. 놀이기구 이용 시간은 평일에도 꽤 깁니다. 실내 구역의 일부 놀이기구는 시간표가 필요하므로, 이용 시간을 정확히 알고 이용 시간을 확인하는 것이 중요합니다."
5,2025-07-14,"빠른 체크인, 모든 어트랙션의 대기줄은 평균 1시간 정도입니다. 개장 전 아침에 가셔야 합니다."
4,2025-06-22,"정말 흥미로웠어요. 제 심장이 여러 번 떨어졌어요. 들어가려면 먼저 카운터로 가서 티켓을 받아야 했는데, 먼저 왔는데 티켓이 필요해서 자리를 놓쳤어요 😭😭😭"
4,2025-06-20,Trip.com에서 티켓을 예매하는 것은 매우 쉽고 즉각적입니다. 다른 나라로 가는 다음 여행도 Trip.com에서 구매할 것입니다. 매우 편리하기 때문입니다.
4,2025-04-18,"깔끔하고, 볼거리가 가득합니다. 하지만 아쿠아리움 통합권을 구매하셨다면, 먼저 아쿠아리움에 가세요. 롯데월드는 재입장이 불가능하거든요. 아쿠아리움은 훨씬 일찍 문을 닫습니다."
4,2025-03-18,"아직은 괜찮지만, 영어로 된 표지판이나 안내가 더 필요할 것 같습니다. 관광 명소이기 때문에 직원들도 각 행사에서 영어로 소통할 수 있어야 합니다."
4,2025-02-22,줄이 엄청 길었으니 익스프레스 패스를 꼭 사세요. 현장에서 구매하면 익스프레스 이용 시간이 최대 5회까지 가능하다고 들었어요. 저희는 익스프레스 3회만 타고 일반 2회 이용했어요. 오후 1시쯤에 가서 5시쯤에 나왔어요. 60~80분 줄을 피할 수 있었거든요. 그리고 개인 선박은 탑승하려면 대기 번호가 있어야 해서 익스프레스 패스를 사용했어요.
4,2025-02-05,"풍경, 테마, 그리고 주변 환경 모두 정말 재밌어요. 다양한 세트장을 보는 것도 좋고, 실내 테마파크라는 새로운 경험도 좋아요. 하지만 패스트 패스를 구매하지 않으면 많은 놀이기구를 이용할 수 없으니 패스트 패스를 구매하는 것을 추천합니다."
4,2024-09-05,"에어컨이 잘 나오는 멋진 공원입니다. 여름에는 정말 좋은 곳입니다. 혼동스러운 번역이 있으니 주의하세요. 예를 들어, 식당의 ""음식 반납"" 카운터는 실제로는 트레이 반납을 의미합니다. 주문한 음식을 모두 담기에는 테이블이 너무 작아서 먼저 음식 트레이를 반납하려고 했습니다. 직원들은 트레이를 가져가라고 고집했고, 심지어 음식 트레이를 바닥에 놓으라고 권하기도 했습니다 (저는 따르지 않았습니다). 다음 사람이 자리를 잡지 못하면 직원들이 빈 자리를 남겨두기 때문에 대기 시간이 길었습니다. 흥미로운 경험이었습니다."
5,2024-08-12,"롯데월드에는 실내 테마파크인 롯데월드 어드벤처, 야외 테마파크인 매직 아일랜드, 아이스링크, 쇼핑몰, 한국 민속 박물관이 있습니다. 누구나 즐길 수 있는 다양한 즐길 거리가 있으며, 주말에는 많은 인파가 몰립니다. 번지 드롭, 자이로 스윙, 아틀란티스, 코멧 익스프레스, 플룸 라이드 등의 놀이기구를 즐겨보세요. 밤에는 태양의 서커스 팀이 제작한 신나는 멀티미디어 나이트 퍼레이드로 더욱 생동감 넘치는 분위기를 연출합니다. 프리미엄 패스로 대기 없이 바로 입장할 수 있습니다!"
4,2024-04-03,"솔직히 티켓을 받는 방식이 최악이었어요. 수족관 근처 반대편까지 두 번이나 걸어가야 했는데, 제공된 정보가 명확하지 않아서 한국어로 말하려고 애썼지만 소용없었어요. 직원들도 외국인을 먹는다는 걸 알게 된 순간부터 별로 도움이 되지 않았어요."
4,2024-02-28,건물 안팎에 다양한 게임이 있습니다. 저희 티켓에는 같은 건물에 위치한 아쿠아리아 롯데월드 이용권이 포함되어 있습니다.
5,2024-01-28,"이 멋진 테마파크(한국 서울 롯데월드 어드벤처)에서 잊지 못할 추억을 만들어 보세요. 제 기억이 맞다면 이곳은 세계에서 가장 큰 실내 테마파크입니다. 저는 이곳의 모든 놀이기구를 좋아하지만, 조금 무섭긴 하지만 정말 즐거웠고, 다양한 놀이기구(자이로 스핀, 자이로 스윙, 자이로 드롭, 플룸 라이드, 프렌치 레볼루션, 번지 드롭)를 타는 동안 정말 신났습니다. 제게는 자이로 드롭이 가장 짜릿했습니다. 하지만 자이로 스윙을 타면서 아름다운 도시 풍경과 아름다운 공원의 풍경을 모두 감상할 수 있습니다. 강력 추천합니다. 한국에 가면 꼭 가봐야 할 명소입니다."
3,2023-12-22,"연말연시 금요일에 갔는데 사람이 정말 많았어요! 인기 놀이기구를 타려면 평균 2시간 이상 줄을 서야 했어요. 여기서 시간을 최대한 활용하고 싶다면 익스프레스 패스(매직 패스)를 추천합니다. 그렇지 않으면 분위기도 정말 좋았고, 그냥 그곳에 있는 것만으로도 행복했어요. trip.com에서 예약하고 티켓 교환하는 과정도 아주 매끄러웠고 강력 추천합니다!"
4,2023-12-20,"어린아이들이 놀 수 있는 게 많지 않아요. 어른과 3세 이상 어린이의 가격이 동일해서 연령대가 다른 아이들에게는 그다지 가치가 없다고 생각해요. 저는 월요일에 갔는데 사람이 많았고, 특히 한국 젊은이들이 많았어요. 어린이 프로젝트 줄은 20분에서 40분 정도였어요. 하루에 많은 프로젝트를 하지 못했어요. 프로젝트가 비교적 빽빽한 편인데, 디즈니 파크는 규모가 매우 크고 걸어서 돌아다녀야 해서 아이들이 놀기 좋아요. 야외 성은 밤에 불을 밝히면 정말 아름다워요. 실내는 춥지 않고 가방이나 코트를 보관할 수도 있어요."
4,2023-11-26,직접 가서 티켓을 사는 것보다 여기서 사는 게 훨씬 저렴해요. 티켓을 받을 수 있는 카운터가 따로 있어요. 1회 탑승 가능한 익스프레스 티켓(5회 탑승)을 구매하는 걸 추천해요. 저희는 대기 시간이 2~3시간이라 1인당 4만 9천 원을 냈어요.
4,2023-10-21,우리 아이는 그곳을 좋아했습니다. 외국인 방문객이 공원의 각 구역으로 가는 길을 더 잘 안내하는 표지판이 있으면 더 좋을 것 같습니다.
4,2023-10-02,"줄이 길었고 대부분 놀이기구는 거의 2시간씩 기다려야 했어요... 건물 안은 정말 더웠지만... 모든 곳이 한국어, 영어, 일본어, 중국어 4개 언어로 되어 있어서 이동하기 편했어요. 한 번쯤 경험해 보면 재밌을 거예요."
3,2023-10-01,"유령의 집은 아마 내가 다시 줄을 서서 탈 유일한 놀이기구였을 거야... 나머지는 그냥 평범했어. 놀이기구 전체가 아이들로 가득 차 있었고, 거기에 있는 게 우리에게는 정말 어울리지 않는 것 같았어 🤣"
5,2025-08-23,실내 놀이기구는 바깥 날씨가 +35도일 때 가장 좋아요!
5,2025-03-12,"좋은 놀이공원 티켓에 비해 매우 가치가 있습니다. 예약하기 쉬웠고, 현장에서 판매하는 것보다 저렴했습니다."
5,2025-01-04,최고의 패키지 투어!
5,2025-09-22,"비오는 날씨 때문에 여행이 망쳐졌고, 그 때문에 놀이기구를 탈 수 없었습니다."
5,2025-10-05,친구랑 같이 왔어요. 정말 재밌었어요. 강력 추천합니다👍🏼
5,2024-11-11,쇼핑몰과 기차역과 가까워서 좋은 호텔입니다. 가족 여행에 좋습니다.
5,2024-12-15,꽤 재밌고 매직 패스는 그만한 가치가 있어요. 줄이 너무 길어요. 매직 패스를 사길 잘했어요.
5,2024-08-18,매직 패스를 구매하세요!
5,2024-06-01,"가족과 아이들과 함께 갔는데 정말 즐거웠습니다. 다만, 일부 구역은 노후화로 인해 개선이 필요해 보입니다."
5,2024-01-06,우리 가족은 놀라운 4D 어트랙션을 정말 좋아했습니다. 친구들에게도 꼭 추천하고 싶습니다.
5,2025-01-09,아주 좋아요. 가기 전에 꼭 사세요. 행사장에서 사느라 시간 낭비하지 마세요. 그런데 제가 갔던 날에는 사람이 꽤 많았어요.
5,2024-08-08,서울의 중심지에 가깝습니다. 아이가 있든 없든 꼭 방문해야 할 곳입니다!
5,2024-06-28,아이들이 실내와 실외에서 놀 수 있는 좋은 테마파크 😍❤️ 너무 좋아요 😁👍 ㅎㅎ
5,2026-01-09,고등학교 교복을 입고 여름에 친구들과 돌아 다니는 좋은 경험
3,2025-12-23,운휴가 많고 직원이 적어서 회전이 너무 길고 직원도 지쳤는지 불친절해요
4,2025-11-07,테마파크에 방문객이 너무 많아서 게임 하나 하려면 몇 시간씩 줄을 서야 해요. 하루를 낭비할 가치가 없어요.
5,2024-09-10,아주 좋은 가격에 티켓을 구했어요. 모든 것을 재생할 수 있습니다 몇 번을 가더라도 편리한 교통에 감동받을 것입니다.
4,2024-04-07,그곳은 여행하기 정말 좋은 곳이네요
5,2025-11-25,접근하기 정말 쉬워요. 공원 지하층에 있는 QR 코드를 스캔하기만 하면 바로 입장할 수 있어요!
5,2025-10-21,"저희는 3살, 5살짜리 아이와 함께 롯데월드에서 멋진 경험을 했습니다."
5,2024-09-15,아이와 함께 여행하기 좋아요~
5,2025-11-18,전반적으로 좋았습니다. 다만 가격이 좀 비싼 편이었습니다.
5,2025-04-12,티켓으로 교환하려면 QR 코드를 지참해야 합니다.
4,2024-02-19,날씨 때문에 야외 놀이기구가 문을 닫아서 여행 전체를 제대로 즐기지 못했습니다.
5,2024-08-20,여름이라 좀 더웠지만 정말 즐거웠어요👍🏻
4,2024-03-26,"우리가 거기에 있었을 때는 공원이 너무 작고, 놀이기구도 많이 없어서 즐길 게 하나도 없었습니다."
5,2026-01-09,Nice and worth visiting for young families and adventurous visitor...
3,2025-12-06,"너무 붐볐고, 모든 놀이기구 대기줄이 2시간씩이나 돼서 놀 곳이 없었어요. 2시간이나 기다려서 겨우 한 게임밖에 못 한 데 비해 너무 비쌌어요."
3,2025-07-03,비가 내려서 야외 놀이기구를 탈 수 없었습니다. 그래서 전체 티켓을 샀고 스릴 라이드를 즐길 수 없었습니다. 패스트 패스도 샀지만 실내에서만 가능한 것처럼 패스트 패스의 놀이기구를 다 탈 수도 없었고 선택의 폭이 별로 없었습니다. 야외 공원을 폐쇄할 거라면 티켓 가격을 낮춰야 했습니다.
5,2025-03-13,매우 즐겁고 재밌었습니다 다음에도 가족과 함께 다시 방문하고 싶습니다
3,2024-10-13,"롯데월드 어드벤처! 롯데월드는 한국의 인기 엔터테인먼트 및 레크리에이션 단지로, 다음과 같은 시설을 갖추고 있습니다. *롯데월드 어드벤처(실내 테마파크)* 1. 스릴 넘치는 놀이기구: 롤러코스터, 워터라이드, 4D 시뮬레이터 2. 가족 친화적인 어트랙션: 회전목마, 범퍼카, 키즈존 3. 테마 구역: 월드 카니발, 정글 어드벤처, 판타지랜드 *기타 롯데월드 어트랙션* 1. 롯데월드타워(서울스카이): 서울의 탁 트인 전망 2. 롯데월드몰: 쇼핑, 다이닝, 엔터테인먼트 3. 롯데월드 민속박물관: 한국의 문화와 전통을 전시 4. 롯데월드 아쿠아리움: 전 세계 해양 생물 5. 아이스링크: 실내 아이스 스케이팅 *위치* 서울특별시 송파구 올림픽로 240, 롯데월드 *운영 시간* 어트랙션에 따라 다릅니다. 일반적으로 오전 9시 30분부터 오후 10시까지입니다. *팁* 1. 혼잡을 피하려면 미리 계획을 세우세요. 2. 편안한 옷과 신발을 착용하세요."
3,2024-01-04,"좋은 곳이고 아이들과 함께 가기에도 좋을 것 같아요. 즐길 만한 음식 종류도 다양해요. 하지만 큰 문제가 하나 있어요. 일반 티켓을 사면 줄이 너무 길어서 모든 어트랙션을 다 체험할 수 없어요. 한 곳은 2시간이나 걸렸어요. 그다음에는 일반 티켓 가격의 6배인 매직 패스를 사야 하는데, 아무리 사더라도 점심 시간 이후에는 매진이라 티켓 값을 어떻게 써야 할지 모르겠어요."
5,2023-12-05,이곳을 정말 좋아하고 구원받는 것도 아주 쉬웠습니다.
4,2025-08-02,"아주 좋았지만, 푸드 카페에서 음식 종류가 더 많았으면 좋았을 것 같아요. 아니면 수족관 안에 테마가 있는 음식이 더 많았으면 좋았을 것 같아요."
4,2024-10-02,나는 그 장소를 방문하는 것을 좋아하고 결코 잊지 않습니다. 모든 사람이 한 번은 그 장소를 방문하기를 권장합니다.
5,2024-06-27,여자친구와 함께한 정말 기억에 남는 커플 이벤트를 적당한 가격에 다녀왔습니다.
4,2025-12-27,주말 / PH에 매우 혼잡합니다. 대기열은 꽤 오래 걸립니다. 빠른 패스를 얻는 것이 좋습니다.
5,2025-07-14,네. 모든 연령대의 아이들에게 천국과 같은 곳이에요. 저희 가족 모두 즐거운 시간을 보냈어요.
5,2024-10-04,가족과 아이들과 함께 가기에 좋습니다. 즐거운 시간 보내세요.. 아이들이 계속 오고 싶어해요
4,2024-08-13,따뜻한 분위기의 좋은 곳이에요. 서비스도 훌륭하고 음식도 맛있어요.
5,2024-11-15,정말 멋지고 신나는 곳이에요. 하지만 줄이 너무 길어서 견딜 수가 없어요.
5,2024-06-18,여행 중에 좋은 상품을 구매했습니다. 테마파크에서 사는 것보다 저렴합니다.
5,2026-01-06,정말 멋진 곳이에요 - 강력 추천합니다
5,2025-10-11,실내 놀이공원에서 처음 경험한 정말 재밌는 경험
5,2024-01-31,"저와 제 여자친구는 다르게 갔고, 그만한 가치가 있었고, 귀여운 것들이 많았습니다."
5,2024-11-13,그곳은 좋은 곳이었고 모험이 많았지만 조금 비쌌습니다.
4,2024-12-21,실내외 테마파크가 있어서 부가가치가 있습니다. 하지만 단일 게임으로는 대기 시간이 너무 깁니다.
5,2025-12-19,정말 멋진 곳이었어요. 놀이기구도 최고였고요.
5,2025-03-18,포켓몬 봄 테마 너무 재밌고 귀여웠어요! 강력 추천합니다.
5,2024-06-24,가장 저렴하지만 학교 방학 때 한국에 가서 사람이 너무 많아요
5,2025-12-21,내가 하려고 했던 게임이 두 번째 갔을 때는 작동하지 않았다.
5,2024-06-04,재밌게 놀기 좋은 곳인데 사람이 너무 많았어요. 놀이기구 타려면 Q가 길어야 해요.
5,2025-10-24,제 인생에서 정말 멋진 곳이었습니다!
5,2024-09-14,사람이 너무 많은데 너무 아름다운 곳이에요
4,2024-08-13,"공원에서 즐거운 시간을 보냈습니다. 꽤 좋았지만, 몇 가지 개선이 필요한 부분이 있었습니다."
5,2025-04-15,구매할 가치가 있습니다. 카운터에서 티켓으로 교환해야 합니다.
5,2025-10-01,이곳은 아이들과 함께 온 가족이 즐거운 시간을 보내기에 좋은 곳입니다.
5,2025-09-12,아이들과 함께 가기에 정말 좋은 곳이에요. 정말 즐거웠어요! 정말 좋아요.
5,2024-09-16,좋은 전망
3,2023-12-22,사람이 너무 많아요. 게임 3개만 참여할 수 있어요. 게임마다 1시간 이상 대기해야 해요.
5,2026-01-18,우리 재미있는 날 바우처를 즐겼다는 것은 쉽게 교환 할 수 있었다
5,2025-11-12,"편리하고, 가격도 저렴하고, QR코드를 스캔해서 놀이공원에 입장할 수 있어요."
5,2025-04-21,"교환하기 쉽고, 장소는 붐비지만 전반적으로 아이들은 즐깁니다."
5,2023-12-25,아이들과 꼭 가봐야 할 곳이에요. 단점은 줄이 길다는 거예요.
5,2025-12-29,친구랑 같이 패키지 상품으로 아주 좋은 시간을 보냈어요. 정말 재밌었어요.
5,2024-01-26,티켓 예약 및 수령이 간편합니다. 가격 대비 만족합니다.
5,2025-12-24,"내부는 정말 예뻤는데, 사람이 너무 많아서 줄을 서기가 힘들었어요."
5,2025-06-06,정말 기대되는 여행이었어요. 응원해주셔서 감사합니다.
5,2024-12-29,멋지고 미친 게임이네요
5,2024-08-31,가격 대비 만족도가 높고 실물 티켓으로 교환하기 쉽습니다.
5,2023-08-10,매직패스로 하면 더 좋다
5,2025-12-24,Oervall 좋은; 새해 기간 동안 혼잡합니다!
5,2025-12-18,아이들에게 딱 좋아요! 직원분들도 친절해요! 음식은 그냥 그랬지만요.
5,2025-08-13,정말 멋져요. 비가 오든 눈이 오든 언제든 플레이할 수 있어요😍
5,2024-09-30,나는 정말 재밌었어요. 내가 가본 놀이공원 중 가장 멋진 곳이에요.
5,2025-12-10,"방문하기 좋은 곳이고, 즐길 거리도 많아요."
5,2025-07-22,시간이 충분하다면 꼭 가볼만한 곳입니다
5,2025-07-15,모든 액티비티가 재밌었고 기대 이상이었어요. 주말에는 줄이 너무 길었어요.
5,2024-08-14,"서울에 위치한 한국 최고의 테마파크, 롯데월드 어드벤처에서 마법 같은 여정을 시작하세요! 매혹적인 실내외 공간을 자랑하는 롯데월드 어드벤처는 스릴 넘치는 놀이기구, 매혹적인 쇼, 그리고 즐거운 퍼레이드를 선사합니다. 심장을 뛰게 하는 롤러코스터부터 모든 연령대를 위한 매력적인 어트랙션까지, 이 세계적인 수준의 파크는 끝없는 재미와 모험을 보장합니다. 스릴과 환상이 환상적으로 어우러진 진정한 몰입형 여행지의 경이로움을 경험해 보세요!"
5,2024-08-10,"세계 최대 규모의 실내 놀이공원 중 하나로, 아틀란티스, 콩키스타도르, 프렌치 레볼루션 등의 놀이기구를 갖추고 있습니다. 매직 아일랜드로 알려진 야외 공간에서는 자이로 드롭과 자이로 스윙 등 신나는 놀이기구를 즐길 수 있습니다."
5,2024-08-07,"처음 가봤는데, 좋은 경험이었고, 할 수 있는 게 정말 많았어요. 가족, 친구들과 함께 추억할 수 있는 최고의 순간들이었어요."
5,2024-07-29,"롯데월드 어드벤처에서의 하루는 고속 아틀란티스 롤러코스터 탑승의 스릴로 시작됩니다. 그 후, 매직 아일랜드와 어드벤처 같은 테마 존을 탐험하며 프랑스 혁명 놀이기구와 기발한 회전목마 등의 어트랙션을 즐겨보세요. 실내 파크에서는 쇼, 퍼레이드, 그리고 다양한 먹거리를 즐길 수 있습니다. 오후에는 실내 링크에서 아이스 스케이팅을 즐기고 기념품 쇼핑을 즐길 수 있습니다. 저녁에는 화려한 멀티미디어 퍼레이드와 불꽃놀이가 펼쳐집니다."
4,2024-07-04,대부분의 게임은 1시간 이상 대기해야 하므로 패스트 패스를 구매하는 것이 좋습니다.
5,2024-02-28,"서울에 위치한 롯데월드는 남녀노소 누구나 즐길 수 있는 엔터테인먼트와 모험이 어우러진 놀라운 경험을 선사합니다. 넓은 부지에 실내외 놀이공원, 쇼핑몰, 인공섬까지 마련되어 있어 누구나 즐거운 시간을 보낼 수 있습니다. 실내 매직 아일랜드는 스릴 넘치는 놀이기구와 신나는 쇼로 더위를 피해 휴식을 취하기에 안성맞춤이며, 야외 어드벤처 테마파크는 다양한 롤러코스터와 어트랙션을 제공합니다. 롯데월드의 상징적인 매직 캐슬, 아름다운 인공섬, 그리고 판타지 포레스트와 어드벤처 랜드와 같은 테마존은 짜릿함을 더합니다. 활기 넘치는 분위기, 화려한 퍼레이드, 다채로운 엔터테인먼트를 자랑하는 롯데월드는 가족, 친구, 그리고 스릴을 즐기는 모든 이에게 기쁨과 모험의 향연을 선사하는 역동적인 여행지입니다."
5,2024-02-10,"한국, 특히 서울 여행을 계획하신다면 롯데월드 어드벤처를 꼭 일정에 포함하세요. 익스트림 액티비티를 좋아하는 분이라면 즐길 수 있는 놀이기구가 정말 많습니다."
5,2024-02-07,"롯데월드 서울은 엔터테인먼트와 겨울의 즐거움이 완벽하게 어우러진 매력적인 아이스 스케이팅 경험을 선사합니다. 반짝이는 조명과 축제 분위기로 장식된 매혹적인 링크는 초보자와 숙련된 스케이터 모두에게 적합합니다. 잘 관리된 빙판은 매끄러운 활주 경험을 제공하며, 친절한 직원들이 항상 대기하고 있습니다. 롯데월드 내에 위치한 이 링크는 독특한 배경을 자랑하며, 모든 방문객에게 마법 같은 분위기를 선사합니다. 건전한 활동을 원하는 가족이나 로맨틱한 나들이를 원하는 커플 모두에게 롯데월드 아이스 스케이팅 링크는 잊지 못할 경험을 선사합니다. 입장료는 다소 높지만, 전체적인 분위기와 시설은 놀이와 전통적인 아이스 스케이팅의 매력을 모두 갖춘 겨울 명소로 손꼽힙니다."
4,2024-01-02,에버랜드만큼 재밌지는 않지만 가볼 만한 가치가 있어요.
5,2023-12-02,훌륭합니다... Trip.com에서 구매하면 가성비가 매우 좋습니다.
4,2025-12-10,정말 재밌었지만 바깥의 찬 공기는 정말 장난 아니네요. 12월에는 따뜻해야겠어요.
3,2025-01-07,이곳은 12세 이하의 어린이를 포함한 가족 여행을 위한 곳이라고 생각합니다.
4,2024-12-17,특히 야외 구역에서 신나는 놀이기구를 즐겨보세요!
5,2024-10-07,아이들과 함께 즐거운 하루를 보낼 수 있는 최고의 장소
5,2024-06-27,아주 좋은 티켓으로 여자친구와 함께 여행했어요.
5,2025-08-20,특히 아이들과 함께 간다면 꼭 방문해야 할 곳
5,2024-11-12,"원활한 교환 과정, 모든 것이 좋습니다"
5,2025-12-27,아이들과 함께 간다면 방문할 가치가 있습니다.
4,2025-07-25,교환은 쉬웠습니다. 탑승 대기 시간이 매우 길었습니다.
5,2024-11-02,정말 재밌어요! 탐험할 수 있는 명소가 많아요.
3,2024-05-22,비가 내리고 모두가 실내 놀이기구를 타기 위해 줄을 서 있었고 모든 놀이기구가 너무 오래 걸렸습니다.
5,2024-02-14,티켓 교환이 간편해요! 강력 추천합니다
5,2023-12-06,방문하기 좋은 곳이에요. 아이들이 정말 좋아했어요.
5,2025-12-15,"정말 재밌었는데, 줄이 엄청 길었어요!"
5,2025-12-04,날씨에 상관없이 즐길 수 있는 재미있는 경험
5,2025-06-05,가족과 함께 보낸 정말 좋은 하루였습니다.
5,2025-04-13,"방문할 만한 가치가 있지만, 게임은 대부분 청소년을 대상으로 합니다."
4,2024-12-20,"괜찮은 놀이공원. 스릴 넘치는 놀이기구는 없음. 음식은 괜찮고, 그렇게 비싸지 않음"
5,2024-10-10,롯데월드 어드벤처에서 정말 즐거운 시간이었습니다
5,2023-10-04,테마파크에서 시간을 보내기에 좋은 곳
5,2025-07-01,예약이 쉽고 사용하기 편리했습니다.
5,2025-08-15,Q-pass 티켓을 구매하는 건 쉽지 않았어요. 🎟️
4,2025-07-02,좋은 경험이었습니다
3,2025-04-29,많은 기계가 닫혀서 서비스를 받을 수 없었지만 저는 프리미엄 패스트트랙으로 전액을 지불했습니다.
5,2024-08-23,좀 더 극단적인 감정을 느끼기에 좋은 곳
4,2024-01-02,한 번 방문했는데 재밌고 기억에 남는 곳이었습니다! 하지만 다시는 안 갈 것 같아요 :)
5,2024-10-15,아주 좋은 곳이고 보기에도 매력적이네요
4,2023-12-20,아이들에게 더 적합합니다. 겨울철에는 많은 어트랙션이 문을 닫습니다.
5,2025-03-27,플레이할 가치가 있다
5,2023-09-01,정말 재밌어요
5,2025-09-30,아이들과 함께하는 가족에게 좋은 곳
5,2025-02-21,우리가 경험한 최고의 경험 중 하나
5,2024-08-12,이 곳을 추천해줘서 좋다
4,2024-03-24,줄이 너무 길어서 실제로는 많은 놀이기구를 탈 수 없었습니다.
5,2026-01-05,"놀이공원, 우리 아이들은 행복해하고 즐거워해요."
5,2025-05-12,아이들과 함께라 피곤했지만 재밌었어요^^
3,2025-05-05,시설이 너무 낡았어요. 인기 놀이기구를 타려면 몇 시간씩 줄을 서야 해요. 그럴 가치가 없어요.
5,2024-10-21,좋은 여행이었습니다
5,2026-01-14,구원과 좋은 가격을 참을 수 있습니다
4,2025-11-22,그날은 너무 사람이 많았어요🙈. 그래도 공통점은 나쁘지 않았어요
5,2024-09-26,좋고 훌륭합니다. 다시 방문하고 싶습니다.
5,2025-09-19,놀이기구와 퍼레이드가 정말 많아요. 정말 멋져요.
3,2025-07-19,롯데월드 아쿠아리움 입장권은 포함되어 있지 않습니다. 일반 패키지로 예약하세요.
5,2025-06-14,매우 좋은
5,2025-04-24,사용하기 쉬웠어요. 정말 즐거운 시간 보냈어요!
5,2024-04-02,매우 좋다
5,2025-04-07,티켓을 구매하는 것이 매우 편리합니다
4,2025-04-28,어린 자녀나 청소년을 둔 분들에게 좋은 곳입니다.
5,2024-11-25,"재밌네요 :), 금요일은 사람이 엄청 많아요"
4,2024-10-08,"재밌는 곳이지만, 아이들이 더 어릴 때 가는 게 좋을 것 같아요."
5,2025-09-08,좋은
4,2025-01-01,현장에서 티켓을 구매하는 것보다 저렴합니다.
5,2024-08-11,방문하기 가장 좋은 곳 중 하나
5,2024-04-02,멋진
5,2026-01-18,서울 최고의 놀이기구
5,2024-10-05,환상적이네요 너무 좋았어요
5,2025-07-18,내가 가본 곳 중 최고의 곳
5,2025-01-09,매우 좋은 실내 활동
4,2025-04-19,볼거리가 더 많아지면 좋겠어요.
5,2024-09-30,매우 흥미로운 곳
4,2024-06-20,이 테마파크에서 우리 가족의 휴가를 즐기고 있습니다
4,2024-01-26,"국내 최초, 세계 최대 규모의 실내 테마파크 롯데월드는 당신이 원하는 모든 것을 경험할 수 있는 복합 라이프 공간입니다."
5,2026-01-06,좋은 곳이에요. 즐거운 시간 보내세요.
5,2025-02-18,이곳 너무 좋아요 🩷🩷🩷
5,2025-02-15,방문하기 좋은 곳
5,2024-10-11,세상에서 가장 좋은 곳
5,2024-10-10,사람들은 여기서 즐길 것이다
5,2024-09-27,다시 방문하고 싶어요
4,2025-05-28,모든 게임에서 Q가 나올 것으로 예상하세요...그냥 인내심을 가지세요.
5,2024-05-19,아이들은 이곳을 좋아해요
5,2023-12-08,내가 방문하기 좋은 곳
5,2025-06-11,사용하기 쉽고 빠릅니다!
5,2024-10-12,방문해주셔서 감사합니다
5,2024-10-11,강력 추천
5,2024-09-25,재밌어요. 사용하기도 편해요.
5,2024-09-18,그 장소는 꽤 오래되었습니다
5,2024-08-23,매우 좋은 상태
5,2024-08-12,정말 좋고 재밌는 곳이에요
4,2025-12-29,사람이 너무 많아서 매직패스가 정말 필요했어요.
4,2025-07-01,즐거운 곳이었지만 사람이 너무 많았어요!
5,2024-10-07,놀라운 서비스 🩷
5,2024-09-25,방문하고 싶습니다
5,2024-08-25,환상적인 곳이에요 🤩
5,2024-08-23,이 천국의 땅
5,2024-08-08,엄청 재밌어요 🥳
5,2024-05-10,티켓을 구하기 쉽습니다.
5,2024-12-08,아이들을 위한 재미있는 놀이기구
5,2024-10-10,그것은 모험이다
4,2024-03-27,롯데에서 재밌었어요
3,2023-12-19,놀이공원이 너무 주차되어 있어서 놀이기구를 타기가 힘들어요.
5,2024-10-06,정말 좋았어요
5,2024-05-15,환상적인 장소
5,2026-01-05,정말 놀랍네요
5,2025-11-13,정말 좋아요
5,2025-07-15,그곳이 정말 좋았어요
5,2025-07-11,정말 즐거웠습니다
5,2025-05-31,매우 아름답다
5,2024-09-27,방문할 만한 곳입니다.
5,2024-08-04,좋은 테마파크
5,2024-07-30,여기서 재밌게 놀다
3,2024-07-03,한국 사람들은 전혀 친절하지 않아요. 마치 우리가 그들의 가족을 죽이는 것 같아요! 555
5,2024-01-04,정말 재밌어요!
5,2023-10-08,재밌지만 사람이 많아요
5,2025-08-26,매우 매우 좋습니다
5,2025-03-26,좋은 위치
5,2024-10-02,만족스럽다
5,2024-05-02,아이들에게 좋다
5,2024-12-16,정말 좋은 곳이에요!
5,2024-10-12,아이들에게 행복하다
5,2024-10-08,~하고 싶습니다
5,2024-08-22,키즈 킹덤
4,2023-12-18,한국 방문 시 꼭 가봐야 할 곳
4,2023-12-16,아이들을 위한 활동을 더 추가할 수 있습니다
5,2023-10-31,장소는 재미있었습니다
5,2025-08-17,아주 더
5,2024-12-16,즐거운 시간이었습니다!
5,2024-10-01,매우 예쁘다
5,2025-12-25,사용하기 쉽습니다
5,2025-09-24,보기 좋네요
5,2025-07-08,좋은 가치
5,2025-05-09,멋지죠.
5,2025-05-01,놀라운 ..
5,2025-01-26,좋은 곳이에요
5,2024-10-02,좋은 곳
5,2024-08-20,가장 좋은 장소
5,2024-07-29,좋은 전망
5,2025-07-13,매우 좋아요
5,2025-07-13,매우 좋다
4,2025-06-26,아이들과 함께 환상적인 하루를 보내세요
5,2025-02-25,너무 재밌어요!!!
5,2024-10-20,그만한 가치가 있어요!
5,2024-10-15,매우 좋은
5,2024-10-14,매우 좋다
5,2024-09-20,재밌었어요
4,2024-02-28,아이들에게 좋고 가격 대비 가치가 있습니다.
4,2024-02-02,매우 좋아요
4,2025-11-24,"패스트 패스를 사세요, 줄이 너무 많아요"
5,2024-10-16,놀라운
5,2024-09-27,러블리
5,2024-08-27,놀라운
5,2024-08-14,좋아요
5,2024-08-04,너무 재밌어
5,2024-07-31,완벽한
4,2024-07-12,사람이 너무 많아서 피곤하지만 좋았어요
5,2024-02-04,🤩 좋아요
5,2023-10-17,매우 재미있다
5,2025-01-22,너무 좋았어용
5,2024-06-15,좋은 라
5,2024-05-09,엄청난!
5,2025-09-03,엄청난
5,2025-08-13,니키
5,2024-10-16,감독자
5,2024-11-17,좋은
5,2024-10-04,최상의
5,2024-09-30,멋진
5,2024-08-22,좋은
5,2024-08-13,좋은
5,2024-08-03,좋은
5,2024-07-31,좋은
5,2024-06-27,좋은
5,2023-11-25,좋은
5,2024-10-06,재미있는
5,2024-10-01,😍😍😍
5,2024-08-05,🤣
5,2024-08-05,💐
4,2025-06-13,빠르고 즉각적인 예약
4,2024-10-17,한국 여행은 좋았어요
4,2025-05-27,좋은 날씨와 함께하는 재미
4,2025-11-15,방문하기 좋은 곳
4,2025-10-30,재밌었어요.아이들도 좋아했어요.
4,2024-12-26,좋은 명소!
4,2025-10-18,재미있고 쉽게 구매하세요
4,2024-05-10,저렴하게 갔다올 수 있었습니다:)
